STT,Họ tên BN,Tuổi,Giới tính,Địa chỉ,Ngày vào viện,Date,Time,AM - PM,Thứ,Phân loại,Khoa vào viện,Chẩn đoán,Bác sĩ chỉ định
1,HOÀNG NGỌC ẤN,72,Nam,"Xã Đức Trọng, , Tỉnh Lâm Đồng",01/12/2025 10:15:00 AM,01/12/2025,10:15:00,AM,Thứ Hai,Đúng giờ,Khoa Ngoại - LCK,Gãy xương các ngón tay khác,Hà Xuân Hoà
2,PHAN THỊ CHÍN,95,Nữ,"Xã Tân Hội, , Tỉnh Lâm Đồng",01/12/2025 4:05:00 PM,01/12/2025,04:05:00,PM,Thứ Hai,Đúng giờ,Khoa Nội,"Viêm phổi, tác nhân không xác định",Hà Xuân Hoà
3,PHAN PHƯƠNG,56,Nam,"Tân Hiệp, Xã Hiệp Thạnh, , Tỉnh Lâm Đồng",01/12/2025 4:55:00 PM,01/12/2025,04:55:00,PM,Thứ Hai,Đúng giờ,Khoa Ngoại - LCK,Tổn thương nông ở đầu,Hà Xuân Hoà
4,NGUYỄN THỊ THU HƯƠNG,46,Nữ,"Đường Sư Vạn Hạnh, Tổ 3, Xã Đức Trọng, , Tỉnh Lâm Đồng",01/12/2025 4:40:00 PM,01/12/2025,04:40:00,PM,Thứ Hai,Đúng giờ,Khoa Ngoại - LCK,Viêm ruột thừa cấp,Hà Xuân Hoà
5,NGUYỄN VĂN BẢY,53,Nam,"ĐăNG sRôN, Xã Ninh Gia, , Tỉnh Lâm Đồng",02/12/2025 4:50:00 PM,02/12/2025,04:50:00,PM,Thứ Ba,Đúng giờ,Khoa Nội,Sốt xuất huyết Dengue,Hà Xuân Hoà
6,KA SĂ K' THUÂN,29,Nữ,"Tân Hạ, Xã Tà Năng, , Tỉnh Lâm Đồng",03/12/2025 12:25:00 PM,03/12/2025,12:25:00,PM,Thứ Tư,Ngoài giờ,Khoa Ngoại - LCK,Viêm ruột thừa cấp,Hà Xuân Hoà
7,NGUYỄN THỊ HỒNG HOA,34,Nữ,"62/19 Trần Bình Trọng, Xã Đức Trọng, , Tỉnh Lâm Đồng",03/12/2025 2:15:00 PM,03/12/2025,02:15:00,PM,Thứ Tư,Đúng giờ,Khoa Ngoại - LCK,Viêm ruột thừa khác,Hà Xuân Hoà
8,TRẦN NGUYỄN THÀNH ĐẠT,1,Nam,"Xã Đức Trọng, , Tỉnh Lâm Đồng",03/12/2025 12:50:00 PM,03/12/2025,12:50:00,PM,Thứ Tư,Ngoài giờ,Khoa Nhi,Viêm tiểu phế quản cấp,Hà Xuân Hoà
9,NÔNG VĂN QUÝ,70,Nam,"Tổ 13, Xã Đức Trọng, , Tỉnh Lâm Đồng",03/12/2025 2:40:00 PM,03/12/2025,02:40:00,PM,Thứ Tư,Đúng giờ,Khoa Ngoại - LCK,Nhiễm trùng khác,Hà Xuân Hoà
10,HOÀNG THỊ MỸ LINH,46,Nữ,"Srê Đăng, Xã Tân Hội, , Tỉnh Lâm Đồng",03/12/2025 4:55:00 PM,03/12/2025,04:55:00,PM,Thứ Tư,Đúng giờ,Khoa Ngoại - LCK,"Rối loạn ruột chức năng, không đặc hiệu",Hà Xuân Hoà
11,HOÀNG THỊ MỸ LINH,46,Nữ,"Srê Đăng, Xã Tân Hội, , Tỉnh Lâm Đồng",03/12/2025 4:55:00 PM,03/12/2025,04:55:00,PM,Thứ Tư,Đúng giờ,Khoa Ngoại - LCK,Viêm ruột thừa khác,Hà Xuân Hoà
12,LÊ VĂN PHÚC,46,Nam,"Xã Đức Trọng, , Tỉnh Lâm Đồng",03/12/2025 5:30:00 PM,03/12/2025,05:30:00,PM,Thứ Tư,Ngoài giờ,Khoa Hồi sức tích cực,"Suy hô hấp, không phân loại",Hà Xuân Hoà
13,KA ÁI DỊU,1,Nữ,"Xã Ninh Gia, , Tỉnh Lâm Đồng",03/12/2025 4:00:00 PM,03/12/2025,04:00:00,PM,Thứ Tư,Đúng giờ,Khoa Nhi,Viêm tiểu phế quản cấp,Hà Xuân Hoà
14,TÔ THỊ TUYẾT,62,Nữ,"Xã Cát Tiên, , Tỉnh Lâm Đồng",03/12/2025 4:20:00 PM,03/12/2025,04:20:00,PM,Thứ Tư,Đúng giờ,Khoa Ngoại - LCK,"Áp xe da, nhọt, cụm nhọt ở chi",Hà Xuân Hoà
15,TÒNG XUÂN THANH PHONG,42,Nam,"42 Sư Vạn Hạnh, Xã Đức Trọng, , Tỉnh Lâm Đồng",03/12/2025 8:40:00 PM,03/12/2025,08:40:00,PM,Thứ Tư,Ngoài giờ,Khoa Nội,"Viêm phổi, tác nhân không xác định",Hà Xuân Hoà
16,LÊ THỊ SÁNH,70,Nữ,"Xã Đức Trọng, , Tỉnh Lâm Đồng",03/12/2025 8:15:00 PM,03/12/2025,08:15:00,PM,Thứ Tư,Ngoài giờ,Khoa Nội,Bệnh lý tăng huyết áp,Hà Xuân Hoà
17,NGUYỄN MINH,49,Nam,"Xóm 2, Thôn Tân An, Xã Tân Hội, , Tỉnh Lâm Đồng",03/12/2025 11:35:00 PM,03/12/2025,11:35:00,PM,Thứ Tư,Ngoài giờ,Khoa Hồi sức tích cực,Ngộ độc thuốc trừ sâu,Hà Xuân Hoà
18,LÊ THỊ TUYẾT MAI,20,Nữ,"Xã Đức Trọng, , Tỉnh Lâm Đồng",03/12/2025 9:15:00 PM,03/12/2025,09:15:00,PM,Thứ Tư,Ngoài giờ,Khoa Nội,Viêm xoang cấp,Hà Xuân Hoà
19,NGUYỄN THỊ NGA,64,Nữ,"Hiệp Thuận, Xã Ninh Gia, , Tỉnh Lâm Đồng",03/12/2025 10:05:00 PM,03/12/2025,10:05:00,PM,Thứ Tư,Ngoài giờ,Khoa Nội,Nhiễm trùng đường ruột do vi khuẩn khác,Hà Xuân Hoà
20,PHẠM NGỌC AN NHIÊN,2,Nữ,"Thôn Tân Lập, Xã Tân Hội, , Tỉnh Lâm Đồng",03/12/2025 11:10:00 PM,03/12/2025,11:10:00,PM,Thứ Tư,Ngoài giờ,Khoa Nhi,Viêm tiểu phế quản cấp,Hà Xuân Hoà
21,LÊ PHƯỚC THIỆN,64,Nam,"Phú Thạnh, Xã Hiệp Thạnh, , Tỉnh Lâm Đồng",08/12/2025 9:20:00 AM,08/12/2025,09:20:00,AM,Thứ Hai,Đúng giờ,Khoa Ngoại - LCK,"Gãy xương đòn, gãy kín",Hà Xuân Hoà
22,DƯƠNG VĂN TIẾN,40,Nam,"Tổ 33 Phi nôm, Xã Hiệp Thạnh, , Tỉnh Lâm Đồng",08/12/2025 9:30:00 AM,08/12/2025,09:30:00,AM,Thứ Hai,Đúng giờ,Khoa Ngoại - LCK,Gãy xương ngón chân cái,Hà Xuân Hoà
23,ĐỖ THANH HẢI,64,Nam,"Tà Nhiên, Xã Tà Năng, , Tỉnh Lâm Đồng",08/12/2025 9:45:00 AM,08/12/2025,09:45:00,AM,Thứ Hai,Đúng giờ,Khoa Ngoại - LCK,Viêm mô bào ở ngón tay và ngón chân,Hà Xuân Hoà
24,PHẠM VĂN LƯỢNG,42,Nam,"Xã Tà Năng, , Tỉnh Lâm Đồng",08/12/2025 10:50:00 AM,08/12/2025,10:50:00,AM,Thứ Hai,Đúng giờ,Khoa Nội,Nhiễm trùng đường ruột do vi khuẩn khác,Hà Xuân Hoà
25,BÙI VĨNH ÚT,66,Nam,"Tổ 15, Xã Đức Trọng, , Tỉnh Lâm Đồng",08/12/2025 11:20:00 AM,08/12/2025,11:20:00,AM,Thứ Hai,Đúng giờ,Khoa Nội,Hen [suyễn],Hà Xuân Hoà
26,ĐẶNG THỊ DUNG,61,Nữ,"B58/11 Nguyễn Thần Hiến, Phường Xóm Chiếu, , Thành phố Hồ Chí Minh",08/12/2025 5:15:00 PM,08/12/2025,05:15:00,PM,Thứ Hai,Ngoài giờ,Khoa Hồi sức tích cực,Bệnh lý tăng huyết áp,Hà Xuân Hoà
27,MA TRINH,29,Nữ,"Xã Đơn Dương, , Tỉnh Lâm Đồng",08/12/2025 3:40:00 PM,08/12/2025,03:40:00,PM,Thứ Hai,Đúng giờ,Khoa Hồi sức tích cực,Nhiễm độc Nọc độc rắn,Hà Xuân Hoà
28,K'RƠM,55,Nữ,"Thôn Gân Reo, Xã Hiệp Thạnh, , Tỉnh Lâm Đồng",09/12/2025 1:12:00 PM,09/12/2025,01:12:00,PM,Thứ Ba,Ngoài giờ,Khoa Hồi sức tích cực,Sốc Giảm thể tích,Hà Xuân Hoà
29,ĐỖ MẠNH UYỂN,47,Nam,"., Xã Hiệp Thạnh, , Tỉnh Lâm Đồng",09/12/2025 5:15:00 PM,09/12/2025,05:15:00,PM,Thứ Ba,Ngoài giờ,Khoa Nội,Bệnh lý tăng huyết áp,Hà Xuân Hoà
30,K'LONG HA MỘK,73,Nam,"Xã Hiệp Thạnh, , Tỉnh Lâm Đồng",09/12/2025 6:06:00 PM,09/12/2025,06:06:00,PM,Thứ Ba,Ngoài giờ,Khoa Hồi sức tích cực,Bệnh lý tăng huyết áp,Hà Xuân Hoà
31,TRẦN TRỌNG KHANG,2,Nam,"Thôn Chơ Ré, Xã Tà Năng, , Tỉnh Lâm Đồng",09/12/2025 7:55:00 PM,09/12/2025,07:55:00,PM,Thứ Ba,Ngoài giờ,Khoa Nhi,Suy hô hấp cấp,Hà Xuân Hoà
32,TRƯƠNG MINH ĐỨC,67,Nam,"Xã Hiệp Thạnh, , Tỉnh Lâm Đồng",09/12/2025 8:30:00 PM,09/12/2025,08:30:00,PM,Thứ Ba,Ngoài giờ,Khoa Hồi sức tích cực,Bệnh phổi tắc nghẽn mãn tính đợt cấp do bội nhiễm,Hà Xuân Hoà
33,ĐỖ VĂN MONG,70,Nam,"Hiệp Hòa, Xã Ninh Gia, , Tỉnh Lâm Đồng",09/12/2025 10:15:00 PM,09/12/2025,10:15:00,PM,Thứ Ba,Ngoài giờ,Khoa Hồi sức tích cực,Các bệnh phổi tắc nghẽn mãn tính khác,Hà Xuân Hoà
34,ĐỖ VĂN MONG,70,Nam,"Hiệp Hòa, Xã Ninh Gia, , Tỉnh Lâm Đồng",09/12/2025 10:15:00 PM,09/12/2025,10:15:00,PM,Thứ Ba,Ngoài giờ,Khoa Hồi sức tích cực,Suy hô hấp cấp,Hà Xuân Hoà
35,LÂM HÂN NHIÊN,3,Nữ,"Xã Đinh Văn Lâm Hà, , Tỉnh Lâm Đồng",09/12/2025 10:40:00 PM,09/12/2025,10:40:00,PM,Thứ Ba,Ngoài giờ,Khoa Nhi,Viêm amyđan cấp,Hà Xuân Hoà
36,BÙI THỊ MINH THƠ,43,Nữ,"Xã Đức Trọng, , Tỉnh Lâm Đồng",09/12/2025 11:20:00 PM,09/12/2025,11:20:00,PM,Thứ Ba,Ngoài giờ,Khoa Ngoại - LCK,Tổn thương của lồng ngực,Hà Xuân Hoà
37,LỮ QUỐC KHÁNH,15,Nam,"Xã Ninh Gia, , Tỉnh Lâm Đồng",09/12/2025 11:10:00 PM,09/12/2025,11:10:00,PM,Thứ Ba,Ngoài giờ,Khoa Nhi,Mày đay,Hà Xuân Hoà
38,LÊ THỊ HIỀN,49,Nữ,"Xã Đức Trọng, , Tỉnh Lâm Đồng",09/12/2025 11:05:00 PM,09/12/2025,11:05:00,PM,Thứ Ba,Ngoài giờ,Khoa Nội,Nhiễm trùng đường ruột do vi khuẩn khác,Hà Xuân Hoà
39,NGỌ THỊ MAI,68,Nữ,"Xã Đức Trọng, , Tỉnh Lâm Đồng",10/12/2025 3:30:00 AM,10/12/2025,03:30:00,AM,Thứ Tư,Ngoài giờ,Khoa Nội,Viêm họng cấp,Hà Xuân Hoà
40,ĐỖ QUỲNH TRANG,56,Nữ,"Đà Thắng, Xã Tà Hine, , Tỉnh Lâm Đồng",10/12/2025 5:15:00 AM,10/12/2025,05:15:00,AM,Thứ Tư,Ngoài giờ,Khoa Nội,Cơn đau quặn thận không xác định,Hà Xuân Hoà
41,NGUYỄN GIA TƯỜNG,15,Nam,"An Hiệp, Xã Hiệp Thạnh, , Tỉnh Lâm Đồng",12/12/2025 3:00:00 PM,12/12/2025,03:00:00,PM,Thứ Sáu,Đúng giờ,Khoa Hồi sức tích cực,Ngộ độc Thuốc dược phẩm và chất sinh học khác và chưa xác định,Hà Xuân Hoà
42,ĐINH NGỌC KHIẾT,67,Nam,"An Hiệp, Xã Hiệp Thạnh, , Tỉnh Lâm Đồng",12/12/2025 4:45:00 PM,12/12/2025,04:45:00,PM,Thứ Sáu,Đúng giờ,Khoa Hồi sức tích cực,"Suy hô hấp, không phân loại",Hà Xuân Hoà
43,CIL MÚP K' SAN,60,Nữ,"Srê Đăng, Xã Tân Hội, , Tỉnh Lâm Đồng",14/12/2025 9:10:00 AM,14/12/2025,09:10:00,AM,Chủ Nhật,Đúng giờ,Khoa Nội,Viêm xoang cấp,Hà Xuân Hoà
44,HỒ THỊ LIỄU,57,Nữ,"tổ 2 tâN hIệP, Xã Hiệp Thạnh, , Tỉnh Lâm Đồng",14/12/2025 2:00:00 PM,14/12/2025,02:00:00,PM,Chủ Nhật,Đúng giờ,Khoa Nội,Rối loạn chức năng tiền đình,Hà Xuân Hoà
45,LÊ THỊ TUYỀN,55,Nữ,"Thái Sơn, Xã Tân Hội, , Tỉnh Lâm Đồng",14/12/2025 3:45:00 PM,14/12/2025,03:45:00,PM,Chủ Nhật,Đúng giờ,Khoa Nội,Bệnh trào ngược dạ dày - thực quản,Hà Xuân Hoà
46,K' ĐỄNH,41,Nam,"Xã Ninh Gia, , Tỉnh Lâm Đồng",14/12/2025 4:20:00 PM,14/12/2025,04:20:00,PM,Chủ Nhật,Đúng giờ,Khoa Ngoại - LCK,Viêm ruột thừa cấp,Hà Xuân Hoà
47,ĐẬU THỊ LÝ,48,Nữ,"Xã Đức Trọng, , Tỉnh Lâm Đồng",14/12/2025 4:40:00 PM,14/12/2025,04:40:00,PM,Chủ Nhật,Đúng giờ,Khoa Hồi sức tích cực,Nhiễm độc Nọc độc rắn,Hà Xuân Hoà
48,DÀ KRIÊNG ANH TUẤN,2,Nam,"Thôn Đà R' Giềng, Xã Tà Hine, , Tỉnh Lâm Đồng",14/12/2025 4:35:00 PM,14/12/2025,04:35:00,PM,Chủ Nhật,Đúng giờ,Khoa Ngoại - LCK,Bỏng tại thân độ chưa xác định,Hà Xuân Hoà
49,TRẦN NGỌC CHÁNH,54,Nam,"Xã Đức Trọng, , Tỉnh Lâm Đồng",14/12/2025 5:00:00 PM,14/12/2025,05:00:00,PM,Chủ Nhật,Ngoài giờ,Khoa Nội,Nhiễm trùng đường ruột do vi khuẩn khác,Hà Xuân Hoà
50,SƠ AO HA NAM,8,Nam,"Xã Tà Hine, , Tỉnh Lâm Đồng",14/12/2025 7:30:00 PM,14/12/2025,07:30:00,PM,Chủ Nhật,Ngoài giờ,Khoa Nhi,Nhiễm trùng đường ruột do vi khuẩn khác,Hà Xuân Hoà
51,ĐẶNG NGỌC HÀ PHƯƠNG,36,Nữ,"Xã Đức Trọng, , Tỉnh Lâm Đồng",14/12/2025 9:35:00 PM,14/12/2025,09:35:00,PM,Chủ Nhật,Ngoài giờ,Khoa Nội,Mày đay dị ứng,Hà Xuân Hoà
52,LÝ TRƯỜNG HUY,27,Nam,"Xã Đức Trọng, , Tỉnh Lâm Đồng",14/12/2025 10:40:00 PM,14/12/2025,10:40:00,PM,Chủ Nhật,Ngoài giờ,Khoa Ngoại - LCK,Vết thương hở ở cổ tay và bàn tay,Hà Xuân Hoà
53,NGUYỄN DUY HOÀNG,1,Nam,"Thôn Tân Lợi, Xã Tân Hà Lâm Hà, , Tỉnh Lâm Đồng",14/12/2025 11:31:00 PM,14/12/2025,11:31:00,PM,Chủ Nhật,Ngoài giờ,Khoa Nhi,Viêm tiểu phế quản cấp,Hà Xuân Hoà
54,K' JEM,59,Nam,"Đăng Srôn, Xã Ninh Gia, , Tỉnh Lâm Đồng",15/12/2025 1:35:00 AM,15/12/2025,01:35:00,AM,Thứ Hai,Ngoài giờ,Khoa Nội,Bệnh trào ngược dạ dày - thực quản,Hà Xuân Hoà
55,KON SƠ HA BEN,1,Nam,"Xã Tà Năng, , Tỉnh Lâm Đồng",15/12/2025 3:05:00 AM,15/12/2025,03:05:00,AM,Thứ Hai,Ngoài giờ,Khoa Nhi,Co giật do sốt,Hà Xuân Hoà
56,KON SƠ K' SIA,2,Nữ,"R' Chai 1, Xã Đức Trọng, , Tỉnh Lâm Đồng",15/12/2025 5:35:00 AM,15/12/2025,05:35:00,AM,Thứ Hai,Ngoài giờ,Khoa Nhi,Viêm tiểu phế quản cấp,Hà Xuân Hoà
57,KA BẢO NGỌC,1,Nữ,"Xã Tà Hine, , Tỉnh Lâm Đồng",15/12/2025 4:18:00 PM,15/12/2025,04:18:00,PM,Thứ Hai,Đúng giờ,Khoa Nhi,"Viêm phổi do vi khuẩn, chưa được phân loại nơi khác",Hà Xuân Hoà
58,VŨ THỊ QUÝ,67,Nữ,"Tà Nhiên, Xã Tà Năng, , Tỉnh Lâm Đồng",16/12/2025 2:50:00 PM,16/12/2025,02:50:00,PM,Thứ Ba,Đúng giờ,Khoa Hồi sức tích cực,Nhiễm trùng đường ruột do vi khuẩn khác,Hà Xuân Hoà
59,LÊ THỊ THANH THUẬN,36,Nữ,"Thôn An Phước, Xã Phú Sơn Lâm Hà, , Tỉnh Lâm Đồng",16/12/2025 2:30:00 PM,16/12/2025,02:30:00,PM,Thứ Ba,Đúng giờ,Khoa Hồi sức tích cực,Nhiễm độc Nọc độc rắn,Hà Xuân Hoà
60,NGUYỄN THỊ THU HIỀN,35,Nữ,"Phú Thạnh, Xã Hiệp Thạnh, , Tỉnh Lâm Đồng",16/12/2025 3:00:00 PM,16/12/2025,03:00:00,PM,Thứ Ba,Đúng giờ,Khoa Ngoại - LCK,Hội chứng ống cổ tay,Hà Xuân Hoà
61,LÊ VĂN ANH,73,Nam,"Trần Hưng Đạo, Xã Đức Trọng, , Tỉnh Lâm Đồng",16/12/2025 5:30:00 PM,16/12/2025,05:30:00,PM,Thứ Ba,Ngoài giờ,Khoa Ngoại - LCK,Vết thương hở ở cổ tay và bàn tay,Hà Xuân Hoà
62,TRỊNH NGỌC VY,12,Nữ,"Xã Ninh Gia, , Tỉnh Lâm Đồng",18/12/2025 12:30:00 PM,18/12/2025,12:30:00,PM,Thứ Năm,Ngoài giờ,Khoa Nhi,Nhiễm trùng đường ruột do vi khuẩn khác,Hà Xuân Hoà
63,NGUYỄN HUỲNH NGỌC TRÂN,12,Nữ,"Xã Ninh Gia, , Tỉnh Lâm Đồng",18/12/2025 12:10:00 PM,18/12/2025,12:10:00,PM,Thứ Năm,Ngoài giờ,Khoa Nhi,Nhiễm trùng đường ruột do vi khuẩn khác,Hà Xuân Hoà
64,TRƯƠNG VY THỤC ÂN,12,Nữ,"Xã Tân Hội, , Tỉnh Lâm Đồng",18/12/2025 11:55:00 AM,18/12/2025,11:55:00,AM,Thứ Năm,Ngoài giờ,Khoa Nhi,Nhiễm trùng đường ruột do vi khuẩn khác,Hà Xuân Hoà
65,VÕ NGỌC TIÊN,12,Nữ,"Xã Đức Trọng, , Tỉnh Lâm Đồng",18/12/2025 11:40:00 AM,18/12/2025,11:40:00,AM,Thứ Năm,Ngoài giờ,Khoa Nhi,Nhiễm trùng đường ruột do vi khuẩn khác,Hà Xuân Hoà
66,TRẦN GIA BẢO,12,Nam,"Xã Ninh Gia, , Tỉnh Lâm Đồng",18/12/2025 11:50:00 AM,18/12/2025,11:50:00,AM,Thứ Năm,Ngoài giờ,Khoa Nhi,Nhiễm trùng đường ruột do vi khuẩn khác,Hà Xuân Hoà
67,ĐINH GIA BẢO,12,Nam,"tân phú, Xã Ninh Gia, , Tỉnh Lâm Đồng",18/12/2025 11:45:00 AM,18/12/2025,11:45:00,AM,Thứ Năm,Ngoài giờ,Khoa Nhi,Nhiễm trùng đường ruột do vi khuẩn khác,Hà Xuân Hoà
68,TRƯƠNG VĂN TÂM,41,Nam,"Xã Tân Hội, , Tỉnh Lâm Đồng",18/12/2025 1:15:00 PM,18/12/2025,01:15:00,PM,Thứ Năm,Ngoài giờ,Khoa Ngoại - LCK,"Gãy phần dưới xương cánh tay, gãy kín",Hà Xuân Hoà
69,LÊ THỊ PHỤ,90,Nữ,"Xã Hiệp Thạnh, , Tỉnh Lâm Đồng",18/12/2025 7:00:00 PM,18/12/2025,07:00:00,PM,Thứ Năm,Ngoài giờ,Khoa Nội,Nhiễm trùng đường ruột do vi khuẩn khác,Hà Xuân Hoà
70,ĐOÀN ĐỨC VƯỢNG,3,Nam,"Xã Đức Trọng, , Tỉnh Lâm Đồng",18/12/2025 6:15:00 PM,18/12/2025,06:15:00,PM,Thứ Năm,Ngoài giờ,Khoa Nhi,Ngộ độc Thuốc dùng tại chỗ khác,Hà Xuân Hoà
71,VÕ MINH THỊNH,1,Nam,"Xã Đức Trọng, , Tỉnh Lâm Đồng",18/12/2025 6:45:00 PM,18/12/2025,06:45:00,PM,Thứ Năm,Ngoài giờ,Khoa Nhi,Viêm tiểu phế quản cấp,Hà Xuân Hoà
72,LƯƠNG THẾ VINH,18,Nam,"Xã Đức Trọng, , Tỉnh Lâm Đồng",18/12/2025 10:50:00 PM,18/12/2025,10:50:00,PM,Thứ Năm,Ngoài giờ,Khoa Nội,Viêm dạ dày cấp khác,Hà Xuân Hoà
73,NGUYỄN NHƯ QUỲNH,24,Nữ,"Phường An Phú, , Thành phố Hồ Chí Minh",19/12/2025 2:15:00 AM,19/12/2025,02:15:00,AM,Thứ Sáu,Ngoài giờ,Khoa Nội,Loét dạ dày,Hà Xuân Hoà
74,VÕ THỊ HÓA,78,Nữ,"Xã Tân Hội, , Tỉnh Lâm Đồng",19/12/2025 3:10:00 AM,19/12/2025,03:10:00,AM,Thứ Sáu,Ngoài giờ,Khoa Nội,Bệnh lý tăng huyết áp,Hà Xuân Hoà
75,NGUYỄN VĂN BÌNH,61,Nam,"Tổ  24, Xã Đức Trọng, , Tỉnh Lâm Đồng",22/12/2025 2:03:00 PM,22/12/2025,02:03:00,PM,Thứ Hai,Đúng giờ,Khoa Nội,Bệnh phổi tắc nghẽn mãn tính đợt cấp do bội nhiễm,Hà Xuân Hoà
76,VÕ THỊ LIÊN,72,Nữ,"Xã Hiệp Thạnh, , Tỉnh Lâm Đồng",24/12/2025 11:45:00 AM,24/12/2025,11:45:00,AM,Thứ Tư,Ngoài giờ,Khoa Nội,Nhiễm trùng đường ruột do vi khuẩn khác,Hà Xuân Hoà
77,NGUYỄN DUY THÙY,71,Nam,"46 Ng Th Thuật, Xã Đức Trọng, , Tỉnh Lâm Đồng",24/12/2025 12:25:00 PM,24/12/2025,12:25:00,PM,Thứ Tư,Ngoài giờ,Khoa Nội,Nhiễm trùng đường ruột do vi khuẩn khác,Hà Xuân Hoà
78,LÊ NGỌC MỘNG HUYỀN,15,Nữ,"Xã Tân Hội, , Tỉnh Lâm Đồng",24/12/2025 5:15:00 PM,24/12/2025,05:15:00,PM,Thứ Tư,Ngoài giờ,Khoa Ngoại - LCK,Vết thương hở đầu gối,Hà Xuân Hoà
79,ĐẶNG THỊ LỆ THÙY,44,Nữ,"Xã Hiệp Thạnh, , Tỉnh Lâm Đồng",24/12/2025 6:50:00 PM,24/12/2025,06:50:00,PM,Thứ Tư,Ngoài giờ,Khoa Ngoại - LCK,Gãy xương đơn thuần xương mác,Hà Xuân Hoà
80,VI THỊ KIỆM,66,Nữ,"Thôn Tân Phú, Xã Ninh Gia, , Tỉnh Lâm Đồng",24/12/2025 7:05:00 PM,24/12/2025,07:05:00,PM,Thứ Tư,Ngoài giờ,Khoa Nội,Cơn đau thắt ngực,Hà Xuân Hoà
81,LƯƠNG PHÚ,68,Nam,"., Xã Tân Hội, , Tỉnh Lâm Đồng",24/12/2025 10:40:00 PM,24/12/2025,10:40:00,PM,Thứ Tư,Ngoài giờ,Khoa Hồi sức tích cực,Cơn đau thắt ngực không ổn định,Hà Xuân Hoà
82,HOÀNG DƯƠNG BẢO LINH,3,Nữ,"Tân Hiệp, Xã Tân Hội, , Tỉnh Lâm Đồng",27/12/2025 9:30:00 AM,27/12/2025,09:30:00,AM,Thứ Bảy,Đúng giờ,Khoa Nhi,"Viêm phổi do vi khuẩn, chưa được phân loại nơi khác",Hà Xuân Hoà
83,HỒ CẨU MÚI,94,Nữ,"Tổ 41, Xã Đức Trọng, , Tỉnh Lâm Đồng",27/12/2025 1:30:00 PM,27/12/2025,01:30:00,PM,Thứ Bảy,Đúng giờ,Khoa Nội,Nhiễm trùng đường ruột do vi khuẩn khác,Hà Xuân Hoà
84,TRẦN XUÂN LỘC,51,Nam,"Tân Đà, Xã Tân Hội, , Tỉnh Lâm Đồng",27/12/2025 4:30:00 PM,27/12/2025,04:30:00,PM,Thứ Bảy,Đúng giờ,Khoa Ngoại - LCK,Vết thương hở ở đầu,Hà Xuân Hoà
85,HOÀNG THỊ LỰU,50,Nữ,"Tân Đà, Xã Tân Hội, , Tỉnh Lâm Đồng",27/12/2025 4:40:00 PM,27/12/2025,04:40:00,PM,Thứ Bảy,Đúng giờ,Khoa Ngoại - LCK,Vết thương hở của mũi,Hà Xuân Hoà
86,NGUYỄN THANH LONG,61,Nam,"Thôn Đà Thọ, Xã Tà Hine, , Tỉnh Lâm Đồng",27/12/2025 6:40:00 PM,27/12/2025,06:40:00,PM,Thứ Bảy,Ngoài giờ,Khoa Ngoại - LCK,Viêm ruột thừa khác,Hà Xuân Hoà
87,NGUYỄN THỊ BÍCH THUẬN,26,Nữ,"Phường Tân Phú, , Thành phố Hồ Chí Minh",27/12/2025 8:15:00 PM,27/12/2025,08:15:00,PM,Thứ Bảy,Ngoài giờ,Khoa Nội,Bệnh trào ngược dạ dày - thực quản,Hà Xuân Hoà
88,K' MICK,1,Nữ,"Xã Đức Trọng, , Tỉnh Lâm Đồng",27/12/2025 7:10:00 PM,27/12/2025,07:10:00,PM,Thứ Bảy,Ngoài giờ,Khoa Nhi,"Viêm phổi do vi khuẩn, không đặc hiệu",Hà Xuân Hoà
89,ĐỖ NGUYỄN MINH HOÀNG,7,Nam,"Xã Hiệp Thạnh, , Tỉnh Lâm Đồng",27/12/2025 7:50:00 PM,27/12/2025,07:50:00,PM,Thứ Bảy,Ngoài giờ,Khoa Nhi,Viêm thanh quản và khí quản cấp,Hà Xuân Hoà
90,YA MY,60,Nam,"Tà Sơn, Xã Tà Năng, , Tỉnh Lâm Đồng",27/12/2025 7:45:00 PM,27/12/2025,07:45:00,PM,Thứ Bảy,Ngoài giờ,Khoa Nội,Nhiễm trùng đường ruột do vi khuẩn khác,Hà Xuân Hoà
91,BÙI THỊ PHỐI,71,Nữ,"An Bình, Xã Hiệp Thạnh, , Tỉnh Lâm Đồng",27/12/2025 8:25:00 PM,27/12/2025,08:25:00,PM,Thứ Bảy,Ngoài giờ,Khoa Nội,Nhiễm trùng đường ruột do vi khuẩn khác,Hà Xuân Hoà
92,NGUYỄN THỊ TUYẾT HẰNG,57,Nữ,"Tổ 9, Xã Đức Trọng, , Tỉnh Lâm Đồng",27/12/2025 9:15:00 PM,27/12/2025,09:15:00,PM,Thứ Bảy,Ngoài giờ,Khoa Hồi sức tích cực,Bệnh lý tăng huyết áp,Hà Xuân Hoà
93,VY THỊ BÍCH TRUNG,54,Nữ,"tổ 33, Xã Đức Trọng, , Tỉnh Lâm Đồng",27/12/2025 10:00:00 PM,27/12/2025,10:00:00,PM,Thứ Bảy,Ngoài giờ,Khoa Nội,Nhiễm trùng đường ruột do vi khuẩn khác,Hà Xuân Hoà
94,PHÙNG THỊ NGUYỆT,29,Nữ,"Tổ 3, Xã Đức Trọng, , Tỉnh Lâm Đồng",28/12/2025 12:10:00 AM,28/12/2025,12:10:00,AM,Chủ Nhật,Đúng giờ,Khoa Hồi sức tích cực,"Sốc phản vệ, chưa xác định",Hà Xuân Hoà
95,LA HOÀNG THĂNG,37,Nam,"tổ 16, Xã Đức Trọng, , Tỉnh Lâm Đồng",28/12/2025 1:20:00 AM,28/12/2025,01:20:00,AM,Chủ Nhật,Ngoài giờ,Khoa Nội,Rối loạn chức năng tiền đình,Hà Xuân Hoà
96,ỪNG CHỒI VÀNH,37,Nam,"Quốc Lộ 20, Tổ Dân Phố 16, Xã Đức Trọng, , Tỉnh Lâm Đồng",28/12/2025 4:15:00 AM,28/12/2025,04:15:00,AM,Chủ Nhật,Ngoài giờ,Khoa Nội,Nhiễm trùng đường ruột do vi khuẩn khác,Hà Xuân Hoà
97,DANH PHẠM ĐĂNG KHOA,3,Nam,"Thôn Toa Cát, Xã Tà Năng, , Tỉnh Lâm Đồng",31/12/2025 5:40:00 PM,31/12/2025,05:40:00,PM,Thứ Tư,Ngoài giờ,Khoa Nhi,Bệnh Zoster lan tỏa,Hà Xuân Hoà
98,CHURU YANG NAI THẦU,29,Nữ,"Tà In, Xã Tà Hine, , Tỉnh Lâm Đồng",31/12/2025 6:10:00 PM,31/12/2025,06:10:00,PM,Thứ Tư,Ngoài giờ,Khoa Nội,Rối loạn chức năng tiền đình,Hà Xuân Hoà
99,KON SƠ PHILIP,2,Nam,"TỔ 21, THÔN BỒNG LAI, Xã Hiệp Thạnh, , Tỉnh Lâm Đồng",31/12/2025 7:10:00 PM,31/12/2025,07:10:00,PM,Thứ Tư,Ngoài giờ,Khoa Nhi,Nhiễm trùng đường ruột do vi khuẩn khác,Hà Xuân Hoà
100,NGUYỄN THỊ THANH,57,Nữ,"Thanh Bình 3, Xã Đinh Văn Lâm Hà, , Tỉnh Lâm Đồng",31/12/2025 8:30:00 PM,31/12/2025,08:30:00,PM,Thứ Tư,Ngoài giờ,Khoa Nội,Rối loạn chức năng tiền đình,Hà Xuân Hoà
101,LÊ HOÀNG LINH ĐAN,2,Nữ,"Thôn Tân Thịnh, Xã Tân Hội, , Tỉnh Lâm Đồng",31/12/2025 11:00:00 PM,31/12/2025,11:00:00,PM,Thứ Tư,Ngoài giờ,Khoa Nhi,"Viêm phổi, tác nhân không xác định",Hà Xuân Hoà
102,NGUYỄN THỊ SỬU,78,Nữ,"Thanh Bình 3, Xã Đinh Văn Lâm Hà, , Tỉnh Lâm Đồng",03/12/2025 8:15:00 AM,03/12/2025,08:15:00,AM,Thứ Tư,Đúng giờ,Khoa Nội,"Viêm phế quản phổi, không đặc hiệu",Hồ Thị Bạch Tuyết
103,NGUYỄN VĂN NGÀ,49,Nam,"Xã Đức Trọng, , Tỉnh Lâm Đồng",03/12/2025 8:35:00 AM,03/12/2025,08:35:00,AM,Thứ Tư,Đúng giờ,Khoa Ngoại - LCK,Tổn thương của lồng ngực,Hồ Thị Bạch Tuyết
104,YA TRƯỜNG,24,Nam,"Xã Tà Hine, , Tỉnh Lâm Đồng",03/12/2025 10:00:00 AM,03/12/2025,10:00:00,AM,Thứ Tư,Đúng giờ,Khoa Ngoại - LCK,Tổn thương nông ở cẳng tay,Hồ Thị Bạch Tuyết
105,NGUYỄN THỊ NĂM,86,Nữ,"Tân Trung, Xã Tân Hội, , Tỉnh Lâm Đồng",03/12/2025 10:20:00 AM,03/12/2025,10:20:00,AM,Thứ Tư,Đúng giờ,Khoa Nội,Bệnh trào ngược dạ dày - thực quản,Hồ Thị Bạch Tuyết
106,NGUYỄN GIA THÔNG,71,Nam,"Xã Hiệp Thạnh, , Tỉnh Lâm Đồng",23/12/2025 10:15:00 AM,23/12/2025,10:15:00,AM,Thứ Ba,Đúng giờ,Khoa Nội,"Viêm phế quản phổi, không đặc hiệu",Hồ Thị Bạch Tuyết
107,K' BỀUH,61,Nam,"Tà Hine, Xã Tà Hine, , Tỉnh Lâm Đồng",01/12/2025 9:15:00 AM,01/12/2025,09:15:00,AM,Thứ Hai,Đúng giờ,Khoa Hồi sức tích cực,Suy hô hấp cấp,Kơ Să Rô Na
108,YA ÚC,41,Nam,"K'Long, Xã Hiệp Thạnh, , Tỉnh Lâm Đồng",01/12/2025 11:45:00 AM,01/12/2025,11:45:00,AM,Thứ Hai,Ngoài giờ,Khoa Nội,"Viêm phổi, tác nhân không xác định",Kơ Să Rô Na
109,NGUYỄN VĂN Ý,60,Nam,"Ma Sra, Xã Tà Năng, , Tỉnh Lâm Đồng",01/12/2025 3:00:00 PM,01/12/2025,03:00:00,PM,Thứ Hai,Đúng giờ,Khoa Nội,"Viêm phổi, tác nhân không xác định",Kơ Să Rô Na
110,TRẦN NHẬT MINH QUÂN,2,Nam,"Xã Tân Hội, , Tỉnh Lâm Đồng",01/12/2025 3:30:00 PM,01/12/2025,03:30:00,PM,Thứ Hai,Đúng giờ,Khoa Nhi,Suy hô hấp cấp,Kơ Să Rô Na
111,KRĂ JĂN SU SAN,16,Nữ,"Srê Đăng , Xã Tân Hội, , Tỉnh Lâm Đồng",02/12/2025 11:15:00 AM,02/12/2025,11:15:00,AM,Thứ Ba,Đúng giờ,Khoa Nội,Phản ứng stress cấp,Kơ Să Rô Na
112,VÕ THỊ NỞ,93,Nữ,"Số 183, Đường Trần Hưng Đạo, Xã Đức Trọng, , Tỉnh Lâm Đồng",02/12/2025 11:10:00 AM,02/12/2025,11:10:00,AM,Thứ Ba,Đúng giờ,Khoa Hồi sức tích cực,"Viêm phổi, tác nhân không xác định",Kơ Să Rô Na
113,NGUYỄN PHẠM THÀNH ĐẠT,22,Nam,"Thôn 10, Xã Đơn Dương, , Tỉnh Lâm Đồng",04/12/2025 9:15:00 AM,04/12/2025,09:15:00,AM,Thứ Năm,Đúng giờ,Khoa Ngoại - LCK,"Gãy xương mắt cá, gãy kín",Kơ Să Rô Na
114,LÊ VĂN TÀI,23,Nam,"Tổ 29, Xã Đức Trọng, , Tỉnh Lâm Đồng",04/12/2025 11:35:00 AM,04/12/2025,11:35:00,AM,Thứ Năm,Ngoài giờ,Khoa Ngoại - LCK,Gãy xương đốt khác bàn tay,Kơ Să Rô Na
115,NGUYỄN THANH HẢI,47,Nam,"Thanh Bình 2, Xã Đinh Văn Lâm Hà, , Tỉnh Lâm Đồng",04/12/2025 3:00:00 PM,04/12/2025,03:00:00,PM,Thứ Năm,Đúng giờ,Khoa Nội,Viêm tụy cấp,Kơ Să Rô Na
116,VŨ THỊ XUÂN,77,Nữ,"Xã Hiệp Thạnh, , Tỉnh Lâm Đồng",04/12/2025 3:50:00 PM,04/12/2025,03:50:00,PM,Thứ Năm,Đúng giờ,Khoa Nội,Cơn đau thắt ngực,Kơ Să Rô Na
117,VŨ THỊ XUÂN,77,Nữ,"Xã Hiệp Thạnh, , Tỉnh Lâm Đồng",04/12/2025 3:50:00 PM,04/12/2025,03:50:00,PM,Thứ Năm,Đúng giờ,Khoa Nội,Đau ngực không đặc hiệu,Kơ Să Rô Na
118,LÊ THỊ TUYẾT,66,Nữ,"7/4 Tổ 4, Thôn Nghĩa Hiệp, Xã Hiệp Thạnh, , Tỉnh Lâm Đồng",04/12/2025 3:05:00 PM,04/12/2025,03:05:00,PM,Thứ Năm,Đúng giờ,Khoa Nội,Rối loạn chức năng tiền đình,Kơ Să Rô Na
119,NGUYỄN CÔNG LỤC,57,Nam,"Xã Anh Sơn, , Tỉnh Nghệ An",04/12/2025 4:20:00 PM,04/12/2025,04:20:00,PM,Thứ Năm,Đúng giờ,Khoa Ngoại - LCK,Bỏng tại thân độ chưa xác định,Kơ Să Rô Na
120,PHẠM THỊ THÀNH,58,Nữ,"Bồng Lai, Xã Hiệp Thạnh, , Tỉnh Lâm Đồng",05/12/2025 8:50:00 AM,05/12/2025,08:50:00,AM,Thứ Sáu,Đúng giờ,Khoa Nội,Bệnh trào ngược dạ dày - thực quản,Kơ Să Rô Na
121,VŨ XUÂN THỎA,51,Nam,"Tổ 11, Xã Đức Trọng, , Tỉnh Lâm Đồng",05/12/2025 8:20:00 AM,05/12/2025,08:20:00,AM,Thứ Sáu,Đúng giờ,Khoa Ngoại - LCK,"Nhiễm trùng vết thương sau chấn thương, không xếp loại ở nơi khác",Kơ Să Rô Na
122,TRƯƠNG CHẤN QUANG,40,Nam,"., Xã Đức Trọng, , Tỉnh Lâm Đồng",05/12/2025 9:30:00 AM,05/12/2025,09:30:00,AM,Thứ Sáu,Đúng giờ,Khoa Nội,Viêm amyđan cấp,Kơ Să Rô Na
123,VÕ HOÀNG SANG,12,Nam,"Xã Tân Hội, , Tỉnh Lâm Đồng",05/12/2025 10:00:00 AM,05/12/2025,10:00:00,AM,Thứ Sáu,Đúng giờ,Khoa Ngoại - LCK,Viêm ruột thừa cấp,Kơ Să Rô Na
124,LÊ THỊ HIỀN,65,Nữ,"Xã Đức Trọng, , Tỉnh Lâm Đồng",05/12/2025 11:30:00 AM,05/12/2025,11:30:00,AM,Thứ Sáu,Ngoài giờ,Khoa Ngoại - LCK,"Gãy xương cẳng tay, phần chưa xác định, gãy kín",Kơ Să Rô Na
125,ĐINH KIM TÂN,69,Nam,"Thanh Bình 2, Xã Đinh Văn Lâm Hà, , Tỉnh Lâm Đồng",05/12/2025 11:00:00 AM,05/12/2025,11:00:00,AM,Thứ Sáu,Đúng giờ,Khoa Hồi sức tích cực,"Suy hô hấp, không phân loại",Kơ Să Rô Na
126,TRẦN LƯU SONG THỊNH,31,Nam,"Phú Trung, Xã Đức Trọng, , Tỉnh Lâm Đồng",05/12/2025 11:25:00 AM,05/12/2025,11:25:00,AM,Thứ Sáu,Đúng giờ,Khoa Ngoại - LCK,Gãy xương đơn thuần xương mác,Kơ Să Rô Na
127,DA KRIÊNG HA SAN,49,Nam,"Xã Tà Năng, , Tỉnh Lâm Đồng",05/12/2025 2:55:00 PM,05/12/2025,02:55:00,PM,Thứ Sáu,Đúng giờ,Khoa Ngoại - LCK,Nhiễm trùng khác,Kơ Să Rô Na
128,KLONG HA YA THỊNH,11,Nam,"Xã Tân Hội, , Tỉnh Lâm Đồng",05/12/2025 5:30:00 PM,05/12/2025,05:30:00,PM,Thứ Sáu,Ngoài giờ,Khoa Ngoại - LCK,Gãy xương ở cẳng tay,Kơ Să Rô Na
129,HỒ THỊ GÁI,62,Nữ,"Phi Nôm, Xã Hiệp Thạnh, , Tỉnh Lâm Đồng",05/12/2025 4:50:00 PM,05/12/2025,04:50:00,PM,Thứ Sáu,Đúng giờ,Khoa Hồi sức tích cực,Nhịp nhanh kịch phát,Kơ Să Rô Na
130,MA PHUÔN,67,Nữ,"Thôn Kambutte, Xã Đơn Dương, , Tỉnh Lâm Đồng",05/12/2025 3:55:00 PM,05/12/2025,03:55:00,PM,Thứ Sáu,Đúng giờ,Khoa Ngoại - LCK,Viêm mô bào,Kơ Să Rô Na
131,ĐẶNG LỰC,64,Nam,"Tổ 1, Xã Đức Trọng, , Tỉnh Lâm Đồng",09/12/2025 8:45:00 AM,09/12/2025,08:45:00,AM,Thứ Ba,Đúng giờ,Khoa Nội,Bệnh phổi tắc nghẽn mãn tính đợt cấp do bội nhiễm,Kơ Să Rô Na
132,LƯƠNG THỊ NHIỆM,77,Nữ,"Tà Sơn, Xã Tà Năng, , Tỉnh Lâm Đồng",09/12/2025 10:10:00 AM,09/12/2025,10:10:00,AM,Thứ Ba,Đúng giờ,Khoa Hồi sức tích cực,Cơn đau thắt ngực không ổn định,Kơ Să Rô Na
133,LÊ THỊ HƯƠNG,67,Nữ,"Trung Hiệp, Xã Hiệp Thạnh, , Tỉnh Lâm Đồng",10/12/2025 8:00:00 AM,10/12/2025,08:00:00,AM,Thứ Tư,Đúng giờ,Khoa Ngoại - LCK,U lành khác của mô liên kết và mô mềm khác,Kơ Să Rô Na
134,YA THUNG,67,Nam,"Ma Am, Xã Tà Hine, , Tỉnh Lâm Đồng",10/12/2025 8:20:00 AM,10/12/2025,08:20:00,AM,Thứ Tư,Đúng giờ,Khoa Ngoại - LCK,U lành khác của mô liên kết và mô mềm khác,Kơ Să Rô Na
135,TRỊNH THỊ ĐAN,74,Nữ,"Xã Đức Trọng, , Tỉnh Lâm Đồng",10/12/2025 9:40:00 AM,10/12/2025,09:40:00,AM,Thứ Tư,Đúng giờ,Khoa Nội,"Viêm phổi, tác nhân không xác định",Kơ Să Rô Na
136,NGUYỄN VĂN TẤN,86,Nam,"Thôn K' Long, Xã Hiệp Thạnh, , Tỉnh Lâm Đồng",10/12/2025 9:30:00 AM,10/12/2025,09:30:00,AM,Thứ Tư,Đúng giờ,Khoa Ngoại - LCK,Nhiễm trùng khác,Kơ Să Rô Na
137,LÊ THANH BÌNH,53,Nam,"Thôn Tân Phú, Xã Tân Hội, , Tỉnh Lâm Đồng",10/12/2025 10:15:00 AM,10/12/2025,10:15:00,AM,Thứ Tư,Đúng giờ,Khoa Ngoại - LCK,Nhiễm trùng khác,Kơ Să Rô Na
138,TRẦN THỊ NA,59,Nữ,"Xã Đức Trọng, , Tỉnh Lâm Đồng",10/12/2025 11:25:00 AM,10/12/2025,11:25:00,AM,Thứ Tư,Đúng giờ,Khoa Hồi sức tích cực,Nhiễm độc Nọc độc rắn,Kơ Să Rô Na
139,NGUYỄN DUY ĐẠI,46,Nam,"Xã Tà Năng, , Tỉnh Lâm Đồng",11/12/2025 10:10:00 AM,11/12/2025,10:10:00,AM,Thứ Năm,Đúng giờ,Khoa Ngoại - LCK,Vết thương hở các ngón tay với tổn thương móng,Kơ Să Rô Na
140,MA PHIƠNG,70,Nữ,"Kambutte, Xã Đơn Dương, , Tỉnh Lâm Đồng",11/12/2025 11:40:00 AM,11/12/2025,11:40:00,AM,Thứ Năm,Ngoài giờ,Khoa Nội,Bệnh lý tăng huyết áp,Kơ Să Rô Na
141,ĐINH THỊ HƯƠNG LAN,33,Nữ,"Xã Đinh Văn Lâm Hà, , Tỉnh Lâm Đồng",11/12/2025 5:00:00 PM,11/12/2025,05:00:00,PM,Thứ Năm,Ngoài giờ,Khoa Nội,"Viêm phế quản phổi, không đặc hiệu",Kơ Să Rô Na
142,KƠ SĂ HA CHÀI,43,Nam,"Xã Tân Hội, , Tỉnh Lâm Đồng",12/12/2025 8:20:00 AM,12/12/2025,08:20:00,AM,Thứ Sáu,Đúng giờ,Khoa Ngoại - LCK,Vết thương hở tác động nhiều vùng cơ thể,Kơ Să Rô Na
143,PHẠM THỊ THÚY,56,Nữ,"Phường Xuân Hương - Đà Lạt, , Tỉnh Lâm Đồng",12/12/2025 8:45:00 AM,12/12/2025,08:45:00,AM,Thứ Sáu,Đúng giờ,Khoa Nội,Rối loạn chức năng tiền đình,Kơ Să Rô Na
144,LÊ THỊ VÂN,61,Nữ,"Phương Cựu 3, Xã Ninh Hải, , Tỉnh Khánh Hòa",12/12/2025 10:10:00 AM,12/12/2025,10:10:00,AM,Thứ Sáu,Đúng giờ,Khoa Hồi sức tích cực,Cơn đau thắt ngực không ổn định,Kơ Să Rô Na
145,TRẦN HOÀNG MINH THƯ,17,Nữ,"Phú Thạnh, Xã Hiệp Thạnh, , Tỉnh Lâm Đồng",12/12/2025 10:00:00 AM,12/12/2025,10:00:00,AM,Thứ Sáu,Đúng giờ,Khoa Ngoại - LCK,Vết thương của môi và khoang miệng,Kơ Să Rô Na
146,PHANG MÚI,58,Nữ,"., Xã Đức Trọng, , Tỉnh Lâm Đồng",12/12/2025 9:30:00 AM,12/12/2025,09:30:00,AM,Thứ Sáu,Đúng giờ,Khoa Nội,Bệnh lý tăng huyết áp,Kơ Să Rô Na
147,TRẦN THỊ PHƯỢNG,55,Nữ,"Thôn Ninh Thiện, Xã Ninh Gia, , Tỉnh Lâm Đồng",15/12/2025 6:10:00 PM,15/12/2025,06:10:00,PM,Thứ Hai,Ngoài giờ,Khoa Nội,Bệnh tim thiếu máu cục bộ mạn,Kơ Să Rô Na
148,TRẦN THỊ PHƯỢNG,55,Nữ,"Thôn Ninh Thiện, Xã Ninh Gia, , Tỉnh Lâm Đồng",15/12/2025 6:10:00 PM,15/12/2025,06:10:00,PM,Thứ Hai,Ngoài giờ,Khoa Nội,"Viêm phế quản phổi, không đặc hiệu",Kơ Să Rô Na
149,MA XUÂN,56,Nữ,"Thôn Cha Răng Hao, Xã Tà Năng, , Tỉnh Lâm Đồng",16/12/2025 9:15:00 AM,16/12/2025,09:15:00,AM,Thứ Ba,Đúng giờ,Khoa Ngoại - LCK,Viêm ruột thừa cấp,Kơ Să Rô Na
150,MANG MỸ ĐEN,32,Nam,"Thôn Xóm Bằng, Xã Ninh Hải, , Tỉnh Khánh Hòa",16/12/2025 10:40:00 AM,16/12/2025,10:40:00,AM,Thứ Ba,Đúng giờ,Khoa Ngoại - LCK,Tổn thương nông ở đầu,Kơ Să Rô Na
151,ĐOÀN THỊ BÉ,48,Nữ,"Thôn Điền An, Xã Hiệp Thạnh, , Tỉnh Lâm Đồng",16/12/2025 9:30:00 AM,16/12/2025,09:30:00,AM,Thứ Ba,Đúng giờ,Khoa Ngoại - LCK,U lành khác của mô liên kết và mô mềm khác,Kơ Să Rô Na
152,LÊ QUANG HẠNH,62,Nam,"Phúc Thọ, Xã Tân Hà Lâm Hà, , Tỉnh Lâm Đồng",16/12/2025 10:00:00 AM,16/12/2025,10:00:00,AM,Thứ Ba,Đúng giờ,Khoa Ngoại - LCK,U lành khác của mô liên kết và mô mềm khác,Kơ Să Rô Na
153,HỨA THANH PHONG,39,Nam,"Tổ 16, Xã Đức Trọng, , Tỉnh Lâm Đồng",16/12/2025 11:00:00 AM,16/12/2025,11:00:00,AM,Thứ Ba,Đúng giờ,Khoa Nội,"Chảy máu tiêu hóa, không đặc hiệu",Kơ Să Rô Na
154,YA THIÊNG,70,Nam,"Chi Rông, Xã Đức Trọng, , Tỉnh Lâm Đồng",16/12/2025 11:29:00 AM,16/12/2025,11:29:00,AM,Thứ Ba,Đúng giờ,Khoa Nội,Rối loạn chức năng tiền đình,Kơ Să Rô Na
155,HUỲNH THỊ ÚT,78,Nữ,"Tân Thuận, Xã Tân Hội, , Tỉnh Lâm Đồng",16/12/2025 12:15:00 PM,16/12/2025,12:15:00,PM,Thứ Ba,Ngoài giờ,Khoa Hồi sức tích cực,Suy hô hấp cấp,Kơ Să Rô Na
156,LÊ NGỌC MINH,33,Nam,"Thôn Tân Đà, Xã Tân Hội, , Tỉnh Lâm Đồng",17/12/2025 9:15:00 AM,17/12/2025,09:15:00,AM,Thứ Tư,Đúng giờ,Khoa Ngoại - LCK,Gãy xương ở cẳng tay,Kơ Să Rô Na
157,NGUYỄN THỊ QUÊ,80,Nữ,"Xã Đức Trọng, , Tỉnh Lâm Đồng",17/12/2025 11:00:00 AM,17/12/2025,11:00:00,AM,Thứ Tư,Đúng giờ,Khoa Nội,Rối loạn chức năng tiền đình,Kơ Să Rô Na
158,NGUYỄN THỊ THU HẰNG,55,Nữ,"Đông Hà, Xã Nam Ban Lâm Hà, , Tỉnh Lâm Đồng",17/12/2025 10:00:00 AM,17/12/2025,10:00:00,AM,Thứ Tư,Đúng giờ,Khoa Nội,Hen [suyễn],Kơ Să Rô Na
159,HUỲNH VĨNH SIÊU,50,Nam,"Tổ 7, Xã Đức Trọng, , Tỉnh Lâm Đồng",17/12/2025 10:38:00 AM,17/12/2025,10:38:00,AM,Thứ Tư,Đúng giờ,Khoa Ngoại - LCK,"U lành mô liên kết và mô mềm khác, không đặc hiệu",Kơ Să Rô Na
160,BÙI THỊ THÚY HẰNG,48,Nữ,"Thôn Gò Thao, Xã Xuân Hải, , Tỉnh Khánh Hòa",17/12/2025 4:55:00 PM,17/12/2025,04:55:00,PM,Thứ Tư,Đúng giờ,Khoa Nội,Nhiễm trùng đường ruột do vi khuẩn khác,Kơ Să Rô Na
161,NGUYỄN DUY HƯNG,22,Nam,"Tổ 5 Thôn An Ninh, Xã Hiệp Thạnh, , Tỉnh Lâm Đồng",22/12/2025 10:40:00 AM,22/12/2025,10:40:00,AM,Thứ Hai,Đúng giờ,Khoa Ngoại - LCK,"Áp xe da, nhọt, nhọt cụm",Kơ Să Rô Na
162,NGUYỄN VĂN HÀO,38,Nam,"Xã Hiệp Thạnh, , Tỉnh Lâm Đồng",22/12/2025 11:20:00 AM,22/12/2025,11:20:00,AM,Thứ Hai,Đúng giờ,Khoa Ngoại - LCK,Viêm ruột thừa cấp,Kơ Să Rô Na
163,LƠ MU HA JĂNG,29,Nam,"Xã Đam Rông 2, , Tỉnh Lâm Đồng",22/12/2025 3:30:00 PM,22/12/2025,03:30:00,PM,Thứ Hai,Đúng giờ,Khoa Ngoại - LCK,Nhiễm trùng khác,Kơ Să Rô Na
164,NGUYỄN TẤN TRẠNG,51,Nam,"ấp 04, Xã Khánh Lâm, , Tỉnh Cà Mau",23/12/2025 4:55:00 PM,23/12/2025,04:55:00,PM,Thứ Ba,Đúng giờ,Khoa Hồi sức tích cực,Sốc Giảm thể tích,Kơ Să Rô Na
165,PHẠM VĂN PHƯƠNG,80,Nam,"Tổ 02, Thôn Phú Thạnh, Xã Hiệp Thạnh, , Tỉnh Lâm Đồng",24/12/2025 9:00:00 AM,24/12/2025,09:00:00,AM,Thứ Tư,Đúng giờ,Khoa Nội,Bệnh lý tăng huyết áp,Kơ Să Rô Na
166,TRẦN NGUYỄN THỊ QUỲNH HƯƠNG,17,Nữ,"Tổ 10, Thôn Định An, Xã Hiệp Thạnh, , Tỉnh Lâm Đồng",24/12/2025 8:45:00 AM,24/12/2025,08:45:00,AM,Thứ Tư,Đúng giờ,Khoa Nội,Chảy máu cam,Kơ Să Rô Na
167,NGUYỄN VĂN BẢO,54,Nam,"Xã Đạ Huoai, , Tỉnh Lâm Đồng",24/12/2025 3:00:00 PM,24/12/2025,03:00:00,PM,Thứ Tư,Đúng giờ,Khoa Hồi sức tích cực,Cơn đau thắt ngực không ổn định,Kơ Să Rô Na
168,YA BÊ,67,Nam,"Chi rông B, Xã Đức Trọng, , Tỉnh Lâm Đồng",24/12/2025 4:35:00 PM,24/12/2025,04:35:00,PM,Thứ Tư,Đúng giờ,Khoa Hồi sức tích cực,Nhiễm trùng đường ruột do vi khuẩn khác,Kơ Să Rô Na
169,HỒ HỮU KHOA,53,Nam,"Xã Hiệp Thạnh, , Tỉnh Lâm Đồng",25/12/2025 8:30:00 AM,25/12/2025,08:30:00,AM,Thứ Năm,Đúng giờ,Khoa Nội,Hạ glucose máu khác,Kơ Să Rô Na
170,PHÙNG THỊ MẬN,50,Nữ,"Tân Thịnh, Xã Hội Thịnh, , Tỉnh Phú Thọ",25/12/2025 9:20:00 AM,25/12/2025,09:20:00,AM,Thứ Năm,Đúng giờ,Khoa Nội,Viêm xoang cấp,Kơ Să Rô Na
171,HOÀNG THỊ KIM,66,Nữ,"Xã Đức Trọng, , Tỉnh Lâm Đồng",25/12/2025 11:15:00 AM,25/12/2025,11:15:00,AM,Thứ Năm,Đúng giờ,Khoa Ngoại - LCK,Gãy xương đơn thuần xương mác,Kơ Să Rô Na
172,TRẦN QUAY CHÁNH,53,Nam,"Xã Hiệp Thạnh, , Tỉnh Lâm Đồng",25/12/2025 2:25:00 PM,25/12/2025,02:25:00,PM,Thứ Năm,Đúng giờ,Khoa Ngoại - LCK,Viêm ruột thừa cấp,Kơ Să Rô Na
173,YA THUÔNG,52,Nam,"Klong Bong, Xã Tà Năng, , Tỉnh Lâm Đồng",25/12/2025 5:00:00 PM,25/12/2025,05:00:00,PM,Thứ Năm,Ngoài giờ,Khoa Nội,Sốt xuất huyết Dengue,Kơ Să Rô Na
174,TRỊNH THỊ LUYẾN,84,Nữ,"Xã Al Bá, , Tỉnh Gia Lai",26/12/2025 8:00:00 AM,26/12/2025,08:00:00,AM,Thứ Sáu,Đúng giờ,Khoa Nội,Bệnh lý tăng huyết áp,Kơ Să Rô Na
175,NGUYỄN TẤN ANH,37,Nam,"6 Bùi Thị Xuân, Xã Đức Trọng, , Tỉnh Lâm Đồng",26/12/2025 10:45:00 AM,26/12/2025,10:45:00,AM,Thứ Sáu,Đúng giờ,Khoa Nội,Viêm tụy cấp,Kơ Să Rô Na
176,VŨ VĂN HÒA,41,Nam,"31 Lưu Hữu Phước , Tổ 24, Xã Đức Trọng, , Tỉnh Lâm Đồng",26/12/2025 10:10:00 AM,26/12/2025,10:10:00,AM,Thứ Sáu,Đúng giờ,Khoa Hồi sức tích cực,U ác của dạ dày,Kơ Să Rô Na
177,HUỲNH THỊ TUYẾT,65,Nữ,"Xã Tà Hine, , Tỉnh Lâm Đồng",26/12/2025 4:10:00 PM,26/12/2025,04:10:00,PM,Thứ Sáu,Đúng giờ,Khoa Ngoại - LCK,Tổn thương nông ở đầu,Kơ Să Rô Na
178,ĐỖ THỊ HẠNH,48,Nữ,"Xã Hiệp Thạnh, , Tỉnh Lâm Đồng",29/12/2025 8:15:00 AM,29/12/2025,08:15:00,AM,Thứ Hai,Đúng giờ,Khoa Nội,Bệnh lý tăng huyết áp,Kơ Să Rô Na
179,NGÔ HẠNH SANG,15,Nữ,"Xã Đức Trọng, , Tỉnh Lâm Đồng",29/12/2025 8:00:00 AM,29/12/2025,08:00:00,AM,Thứ Hai,Đúng giờ,Khoa Nhi,Nhiễm trùng đường ruột do vi khuẩn khác,Kơ Să Rô Na
180,TRẦN THANH HOÀI,32,Nữ,"Xã Hiệp Thạnh, , Tỉnh Lâm Đồng",29/12/2025 11:15:00 AM,29/12/2025,11:15:00,AM,Thứ Hai,Đúng giờ,Khoa Hồi sức tích cực,Sốc Giảm thể tích,Kơ Să Rô Na
181,NGUYỄN LÂM PHÚC KHANG,8,Nam,"31 Nguyễn Trãi, Xã Đức Trọng, , Tỉnh Lâm Đồng",29/12/2025 9:25:00 AM,29/12/2025,09:25:00,AM,Thứ Hai,Đúng giờ,Khoa Nhi,"Viêm phổi do vi khuẩn, chưa được phân loại nơi khác",Kơ Să Rô Na
182,K' HA KHUY,11,Nam,"Xã Hiệp Thạnh, , Tỉnh Lâm Đồng",29/12/2025 9:00:00 AM,29/12/2025,09:00:00,AM,Thứ Hai,Đúng giờ,Khoa Ngoại - LCK,Nhiễm trùng khác,Kơ Să Rô Na
183,PHẠM THỊ KIM PHƯỢNG,46,Nữ,"Xã Tân Hội, , Tỉnh Lâm Đồng",29/12/2025 3:15:00 PM,29/12/2025,03:15:00,PM,Thứ Hai,Đúng giờ,Khoa Nội,Rối loạn chức năng tiền đình,Kơ Să Rô Na
184,NGUYỄN HỮU CHUNG,41,Nam,"Tổ 14, Xã Đức Trọng, , Tỉnh Lâm Đồng",29/12/2025 3:35:00 PM,29/12/2025,03:35:00,PM,Thứ Hai,Đúng giờ,Khoa Nội,Bệnh trào ngược dạ dày - thực quản,Kơ Să Rô Na
185,LÊ THẢO NGUYÊN,7,Nữ,"Xã Đức Trọng, , Tỉnh Lâm Đồng",30/12/2025 8:37:00 AM,30/12/2025,08:37:00,AM,Thứ Ba,Đúng giờ,Khoa Nhi,"Nhiễm trùng đường ruột do vi khuẩn, không xác định",Kơ Să Rô Na
186,HOÀNG THỊ XU,80,Nữ,"Bồng Lai, Xã Hiệp Thạnh, , Tỉnh Lâm Đồng",30/12/2025 9:15:00 AM,30/12/2025,09:15:00,AM,Thứ Ba,Đúng giờ,Khoa Ngoại - LCK,Viêm mô bào,Kơ Să Rô Na
187,ĐỖ VĂN MONG,70,Nam,"Hiệp Hòa, Xã Ninh Gia, , Tỉnh Lâm Đồng",30/12/2025 10:00:00 AM,30/12/2025,10:00:00,AM,Thứ Ba,Đúng giờ,Khoa Hồi sức tích cực,Bệnh phổi tắc nghẽn mãn tính đợt cấp do bội nhiễm,Kơ Să Rô Na
188,HOÀNG VĂN ĐOÀN,40,Nam,"Xã Hiệp Thạnh, , Tỉnh Lâm Đồng",30/12/2025 11:25:00 AM,30/12/2025,11:25:00,AM,Thứ Ba,Đúng giờ,Khoa Ngoại - LCK,Vết thương hở tại cẳng chân,Kơ Să Rô Na
189,PHAN THẾ XƯƠNG,71,Nam,"Xã Đức Trọng, , Tỉnh Lâm Đồng",30/12/2025 3:10:00 PM,30/12/2025,03:10:00,PM,Thứ Ba,Đúng giờ,Khoa Nội,Cơn đau thắt ngực,Kơ Să Rô Na
190,KƠ SĂ LÊ NA,60,Nữ,"Xã Tân Hội, , Tỉnh Lâm Đồng",31/12/2025 8:55:00 AM,31/12/2025,08:55:00,AM,Thứ Tư,Đúng giờ,Khoa Nội,"Viêm phổi, tác nhân không xác định",Kơ Să Rô Na
191,VY THỊ CHIỀU,82,Nữ,"Tổ 2, Xã Đức Trọng, , Tỉnh Lâm Đồng",31/12/2025 11:25:00 AM,31/12/2025,11:25:00,AM,Thứ Tư,Đúng giờ,Khoa Nội,Cơn đau thắt ngực,Kơ Să Rô Na
192,KON SƠ MY HÀ,2,Nữ,"Thôn Bockabang, Xã Đơn Dương, , Tỉnh Lâm Đồng",01/12/2025 9:15:00 AM,01/12/2025,09:15:00,AM,Thứ Hai,Đúng giờ,Khoa Nhi,Nhiễm trùng đường ruột do vi khuẩn khác,Kră Jẵn Sa Min
193,PHAN HOÀI DƯƠNG,1,Nữ,"Thôn Phi Nôm, Xã Hiệp Thạnh, , Tỉnh Lâm Đồng",01/12/2025 11:29:00 AM,01/12/2025,11:29:00,AM,Thứ Hai,Đúng giờ,Khoa Nhi,Viêm tiểu phế quản cấp,Kră Jẵn Sa Min
194,ĐINH VŨ NGỌC HÒA,1,Nam,"Xã Tà Hine, , Tỉnh Lâm Đồng",01/12/2025 11:15:00 AM,01/12/2025,11:15:00,AM,Thứ Hai,Đúng giờ,Khoa Nhi,"Viêm phổi, tác nhân không xác định",Kră Jẵn Sa Min
195,PHẠM LÊ XUÂN HỒNG,1,Nam,"Phú Bình, Xã Đức Trọng, , Tỉnh Lâm Đồng",02/12/2025 10:50:00 AM,02/12/2025,10:50:00,AM,Thứ Ba,Đúng giờ,Khoa Nhi,Vàng da sơ sinh do các nguyên nhân khác và nguyên nhân không được định rõ,Kră Jẵn Sa Min
196,TRẦN GIA KHANG,1,Nam,"Xã Nam Ban Lâm Hà, , Tỉnh Lâm Đồng",02/12/2025 2:05:00 PM,02/12/2025,02:05:00,PM,Thứ Ba,Đúng giờ,Khoa Nhi,Viêm tiểu phế quản cấp,Kră Jẵn Sa Min
197,K' ÁI,1,Nam,"Xã Hiệp Thạnh, , Tỉnh Lâm Đồng",02/12/2025 4:25:00 PM,02/12/2025,04:25:00,PM,Thứ Ba,Đúng giờ,Khoa Nhi,Viêm tiểu phế quản cấp,Kră Jẵn Sa Min
198,KA THIẾU,2,Nữ,"Xã Ninh Gia, , Tỉnh Lâm Đồng",03/12/2025 8:15:00 AM,03/12/2025,08:15:00,AM,Thứ Tư,Đúng giờ,Khoa Nhi,Viêm tiểu phế quản cấp,Kră Jẵn Sa Min
199,KRĂ JĂN SI CHÊM,2,Nam,"Xã Hiệp Thạnh, , Tỉnh Lâm Đồng",03/12/2025 2:10:00 PM,03/12/2025,02:10:00,PM,Thứ Tư,Đúng giờ,Khoa Nhi,Nhiễm trùng đường ruột do vi khuẩn khác,Kră Jẵn Sa Min
200,HUỲNH THỊ AN NHIÊN,2,Nữ,"Xã Hiệp Thạnh, , Tỉnh Lâm Đồng",04/12/2025 9:25:00 AM,04/12/2025,09:25:00,AM,Thứ Năm,Đúng giờ,Khoa Nhi,Nhiễm trùng đường ruột do vi khuẩn khác,Kră Jẵn Sa Min
201,PHẠM NGỌC THANH KHANG,11,Nam,"Xã Hiệp Thạnh, , Tỉnh Lâm Đồng",04/12/2025 12:40:00 PM,04/12/2025,12:40:00,PM,Thứ Năm,Ngoài giờ,Khoa Ngoại - LCK,"Gãy xương cẳng tay, phần chưa xác định",Kră Jẵn Sa Min
202,TRẦN XUÂN QUYẾT,33,Nam,"Xã Đức Trọng, , Tỉnh Lâm Đồng",04/12/2025 12:10:00 PM,04/12/2025,12:10:00,PM,Thứ Năm,Ngoài giờ,Khoa Nội,Nhiễm trùng đường ruột do vi khuẩn khác,Kră Jẵn Sa Min
203,MA HƯƠNG,42,Nữ,"P' Ré, Xã Đức Trọng, , Tỉnh Lâm Đồng",04/12/2025 12:15:00 PM,04/12/2025,12:15:00,PM,Thứ Năm,Ngoài giờ,Khoa Nội,Rối loạn chức năng tiền đình,Kră Jẵn Sa Min
204,NGUYỄN VĂN CƯƠNG,37,Nam,"Xã Đức Trọng, , Tỉnh Lâm Đồng",04/12/2025 1:10:00 PM,04/12/2025,01:10:00,PM,Thứ Năm,Ngoài giờ,Khoa Ngoại - LCK,Tổn thương nông ở cổ tay và bàn tay,Kră Jẵn Sa Min
205,LĂNG VĂN QUANG,56,Nam,"Quảng Hiệp, Xã Hiệp Thạnh, , Tỉnh Lâm Đồng",04/12/2025 2:15:00 PM,04/12/2025,02:15:00,PM,Thứ Năm,Đúng giờ,Khoa Ngoại - LCK,Đa vết thương hở chưa xác định,Kră Jẵn Sa Min
206,NGUYỄN HOÀNG LONG,8,Nam,"Xã Đức Trọng, , Tỉnh Lâm Đồng",04/12/2025 6:50:00 PM,04/12/2025,06:50:00,PM,Thứ Năm,Ngoài giờ,Khoa Nhi,Viêm amyđan cấp,Kră Jẵn Sa Min
207,HA SÉT,51,Nam,"Thôn Bookbang, Xã Đơn Dương, , Tỉnh Lâm Đồng",04/12/2025 7:10:00 PM,04/12/2025,07:10:00,PM,Thứ Năm,Ngoài giờ,Khoa Hồi sức tích cực,Nhiễm độc Nọc độc rắn,Kră Jẵn Sa Min
208,SA K THOMAS,3,Nam,"Xã Đơn Dương, , Tỉnh Lâm Đồng",04/12/2025 7:50:00 PM,04/12/2025,07:50:00,PM,Thứ Năm,Ngoài giờ,Khoa Nhi,Viêm thanh quản cấp,Kră Jẵn Sa Min
209,K' HOÈN,21,Nam,"Thôn Ninh Thiện, Xã Ninh Gia, , Tỉnh Lâm Đồng",04/12/2025 8:40:00 PM,04/12/2025,08:40:00,PM,Thứ Năm,Ngoài giờ,Khoa Ngoại - LCK,Viêm ruột thừa khác,Kră Jẵn Sa Min
210,VÒNG SAY PHÚC,48,Nam,"Tân Hiệp, Xã Hiệp Thạnh, , Tỉnh Lâm Đồng",04/12/2025 9:00:00 PM,04/12/2025,09:00:00,PM,Thứ Năm,Ngoài giờ,Khoa Hồi sức tích cực,Dị ứng chưa xác định,Kră Jẵn Sa Min
211,HỨA THỊ MINH,60,Nữ,"Xã Đức Trọng, , Tỉnh Lâm Đồng",04/12/2025 9:30:00 PM,04/12/2025,09:30:00,PM,Thứ Năm,Ngoài giờ,Khoa Nội,Rối loạn chức năng tiền đình,Kră Jẵn Sa Min
212,HUỲNH THỊ NGỌC GIÀU,49,Nữ,"Tổ 16, Xã Đức Trọng, , Tỉnh Lâm Đồng",04/12/2025 11:55:00 PM,04/12/2025,11:55:00,PM,Thứ Năm,Ngoài giờ,Khoa Nội,Bệnh lý tăng huyết áp,Kră Jẵn Sa Min
213,MÃ CHỐNG PHU,63,Nam,"Số Nhà 807 Thống Nhất, Tổ 15, Xã Đức Trọng, , Tỉnh Lâm Đồng",04/12/2025 9:40:00 PM,04/12/2025,09:40:00,PM,Thứ Năm,Ngoài giờ,Khoa Nội,Rối loạn chức năng tiền đình,Kră Jẵn Sa Min
214,ĐINH THỊ TUYỀN,42,Nữ,"Đại Ninh, Xã Ninh Gia, , Tỉnh Lâm Đồng",04/12/2025 10:56:00 PM,04/12/2025,10:56:00,PM,Thứ Năm,Ngoài giờ,Khoa CSSKSS & Phụ Sản,Có thai đã được khẳng định,Kră Jẵn Sa Min
215,ĐINH THỊ TUYỀN,42,Nữ,"Đại Ninh, Xã Ninh Gia, , Tỉnh Lâm Đồng",04/12/2025 10:56:00 PM,04/12/2025,10:56:00,PM,Thứ Năm,Ngoài giờ,Khoa CSSKSS & Phụ Sản,Tiền sản giật,Kră Jẵn Sa Min
216,LƠ MU BE RA HI,5,Nam,"Xã Tân Hội, , Tỉnh Lâm Đồng",04/12/2025 11:50:00 PM,04/12/2025,11:50:00,PM,Thứ Năm,Ngoài giờ,Khoa Nhi,Hen [suyễn],Kră Jẵn Sa Min
217,HUỲNH NGUYỄN BẢO AN,3,Nữ,"Thôn Đà An, Xã Tà Hine, , Tỉnh Lâm Đồng",08/12/2025 9:20:00 AM,08/12/2025,09:20:00,AM,Thứ Hai,Đúng giờ,Khoa Nhi,"Viêm phổi, tác nhân không xác định",Kră Jẵn Sa Min
218,KA THƯ,1,Nam,"Xã Ninh Gia, , Tỉnh Lâm Đồng",08/12/2025 2:30:00 PM,08/12/2025,02:30:00,PM,Thứ Hai,Đúng giờ,Khoa Nhi,Viêm tiểu phế quản cấp,Kră Jẵn Sa Min
219,LINH THỊ HOA,71,Nữ,"Tổ 32, Xã Đức Trọng, , Tỉnh Lâm Đồng",09/12/2025 9:40:00 AM,09/12/2025,09:40:00,AM,Thứ Ba,Đúng giờ,Khoa Nội,Bệnh lý tăng huyết áp,Kră Jẵn Sa Min
220,LỘC QUỐC TRƯỜNG,2,Nam,"Phường Bình Cơ, , Thành phố Hồ Chí Minh",09/12/2025 1:50:00 PM,09/12/2025,01:50:00,PM,Thứ Ba,Đúng giờ,Khoa Nhi,Viêm họng có phỏng nước do virus đường ruột với phát ban,Kră Jẵn Sa Min
221,NGUYỄN TIẾN ĐẠT,3,Nam,"Thôn 13, Xã Ninh Gia, , Tỉnh Lâm Đồng",09/12/2025 2:50:00 PM,09/12/2025,02:50:00,PM,Thứ Ba,Đúng giờ,Khoa Nhi,Hen [suyễn],Kră Jẵn Sa Min
222,HOÀNG VĂN THÀNH,34,Nam,"Hùng Hưng, Xã Tà Hine, , Tỉnh Lâm Đồng",09/12/2025 4:05:00 PM,09/12/2025,04:05:00,PM,Thứ Ba,Đúng giờ,Khoa Ngoại - LCK,Rối loạn chức năng khác của ruột,Kră Jẵn Sa Min
223,K CHÉP,51,Nữ,"Xã Đức Trọng, , Tỉnh Lâm Đồng",10/12/2025 6:30:00 PM,10/12/2025,06:30:00,PM,Thứ Tư,Ngoài giờ,Khoa Hồi sức tích cực,Hen [suyễn],Kră Jẵn Sa Min
224,NGUYỄN NGỌC ĐAN NHI,7,Nữ,"Xã Tân Hội, , Tỉnh Lâm Đồng",10/12/2025 6:40:00 PM,10/12/2025,06:40:00,PM,Thứ Tư,Ngoài giờ,Khoa Nhi,Viêm amyđan cấp,Kră Jẵn Sa Min
225,PHẠM THỊ THOA,69,Nữ,"An Hiệp, Xã Hiệp Thạnh, , Tỉnh Lâm Đồng",10/12/2025 7:40:00 PM,10/12/2025,07:40:00,PM,Thứ Tư,Ngoài giờ,Khoa Nội,Bệnh lý tăng huyết áp,Kră Jẵn Sa Min
226,CIL JAPHET,8,Nam,"Gan Reo, Xã Hiệp Thạnh, , Tỉnh Lâm Đồng",10/12/2025 8:00:00 PM,10/12/2025,08:00:00,PM,Thứ Tư,Ngoài giờ,Khoa Nhi,Sốt xuất huyết Dengue,Kră Jẵn Sa Min
227,HOÀNG THỊ VỊNH,69,Nữ,"Xã Hiệp Thạnh, , Tỉnh Lâm Đồng",10/12/2025 8:30:00 PM,10/12/2025,08:30:00,PM,Thứ Tư,Ngoài giờ,Khoa Hồi sức tích cực,Cơn đau thắt ngực không ổn định,Kră Jẵn Sa Min
228,KON SA THIÊN ĐẠT,2,Nam,"R' Chai 1, Xã Đức Trọng, , Tỉnh Lâm Đồng",10/12/2025 8:50:00 PM,10/12/2025,08:50:00,PM,Thứ Tư,Ngoài giờ,Khoa Nhi,Nhiễm trùng đường ruột do vi khuẩn khác,Kră Jẵn Sa Min
229,ĐỖ THỊ HỒNG,64,Nữ,"Đại Ninh, Xã Ninh Gia, , Tỉnh Lâm Đồng",10/12/2025 10:20:00 PM,10/12/2025,10:20:00,PM,Thứ Tư,Ngoài giờ,Khoa Nội,Bệnh lý tăng huyết áp,Kră Jẵn Sa Min
230,TRẦN NGỌC TUẤN,53,Nam,"Thôn Đa Hoa, Xã Đơn Dương, , Tỉnh Lâm Đồng",11/12/2025 1:40:00 AM,11/12/2025,01:40:00,AM,Thứ Năm,Ngoài giờ,Khoa Nội,Viêm dạ dày cấp khác,Kră Jẵn Sa Min
231,BẾ VĂN KHUÊ,78,Nam,"Xã Đức Trọng, , Tỉnh Lâm Đồng",11/12/2025 9:45:00 AM,11/12/2025,09:45:00,AM,Thứ Năm,Đúng giờ,Khoa Ngoại - LCK,Gãy xương tầm cổ tay và bàn tay,Kră Jẵn Sa Min
232,LƯƠNG MINH CHÍNH,70,Nam,"Xã Đức Trọng, , Tỉnh Lâm Đồng",12/12/2025 10:20:00 AM,12/12/2025,10:20:00,AM,Thứ Sáu,Đúng giờ,Khoa Nội,Bệnh đái tháo đường không phụ thuộc insuline,Kră Jẵn Sa Min
233,TRẦN THỊ THẢO,84,Nữ,"An Hiệp, Xã Hiệp Thạnh, , Tỉnh Lâm Đồng",15/12/2025 8:40:00 AM,15/12/2025,08:40:00,AM,Thứ Hai,Đúng giờ,Khoa Nội,Bệnh lý tăng huyết áp,Kră Jẵn Sa Min
234,NGUYỄN HOÀNG MINH THƯ,17,Nữ,"Thôn Ninh Thái, Xã Tà Hine, , Tỉnh Lâm Đồng",15/12/2025 9:20:00 AM,15/12/2025,09:20:00,AM,Thứ Hai,Đúng giờ,Khoa Ngoại - LCK,Gãy xương khác và phần chưa xác định cổ tay và bàn tay,Kră Jẵn Sa Min
235,TRƯƠNG THỊ THUỲ DUYÊN,28,Nữ,"Số Nhà 9/6, Thôn Quảng Hiệp, Xã Hiệp Thạnh, , Tỉnh Lâm Đồng",15/12/2025 9:30:00 AM,15/12/2025,09:30:00,AM,Thứ Hai,Đúng giờ,Khoa Ngoại - LCK,"Áp xe da, nhọt, nhọt cụm",Kră Jẵn Sa Min
236,ĐỖ THANH HẢI,64,Nam,"Tà Nhiên, Xã Tà Năng, , Tỉnh Lâm Đồng",15/12/2025 10:30:00 AM,15/12/2025,10:30:00,AM,Thứ Hai,Đúng giờ,Khoa Ngoại - LCK,U lành khác của mô liên kết và mô mềm khác,Kră Jẵn Sa Min
237,K' SIỀNG,43,Nữ,"K'Long, Xã Hiệp Thạnh, , Tỉnh Lâm Đồng",15/12/2025 10:10:00 AM,15/12/2025,10:10:00,AM,Thứ Hai,Đúng giờ,Khoa Ngoại - LCK,Các tình trạng hậu phẫu thuật,Kră Jẵn Sa Min
238,TRẦN THỊ HỌA,64,Nữ,"Tà Nhiên, Xã Tà Năng, , Tỉnh Lâm Đồng",15/12/2025 11:00:00 AM,15/12/2025,11:00:00,AM,Thứ Hai,Đúng giờ,Khoa Nội,Rối loạn chức năng tiền đình,Kră Jẵn Sa Min
239,PHẠM ĐẶNG THANH HIỆP,51,Nam,"Tổ Dân Phố Đông Môn 4, Xã Diên Khánh, , Tỉnh Khánh Hòa",15/12/2025 12:50:00 PM,15/12/2025,12:50:00,PM,Thứ Hai,Ngoài giờ,Khoa Ngoại - LCK,Gãy xương ở đầu thấp và xương quay,Kră Jẵn Sa Min
240,KRĂ JẴN HA SƠN,2,Nam,"Đa Hoa, Xã Đơn Dương, , Tỉnh Lâm Đồng",15/12/2025 1:30:00 PM,15/12/2025,01:30:00,PM,Thứ Hai,Đúng giờ,Khoa Nhi,Viêm thanh quản cấp,Kră Jẵn Sa Min
241,VÒNG SAY DẾNH,46,Nữ,"Tân Hiệp, Xã Hiệp Thạnh, , Tỉnh Lâm Đồng",15/12/2025 2:30:00 PM,15/12/2025,02:30:00,PM,Thứ Hai,Đúng giờ,Khoa Nội,Rối loạn chức năng tiền đình,Kră Jẵn Sa Min
242,VŨ GIA ĐẠO,67,Nam,"Xã Hiệp Thạnh, , Tỉnh Lâm Đồng",15/12/2025 3:15:00 PM,15/12/2025,03:15:00,PM,Thứ Hai,Đúng giờ,Khoa Nội,Cơn đau thắt ngực,Kră Jẵn Sa Min
243,PHẠM ĐĂNG KHOA,51,Nam,"Xã Đức Trọng, , Tỉnh Lâm Đồng",15/12/2025 7:20:00 PM,15/12/2025,07:20:00,PM,Thứ Hai,Ngoài giờ,Khoa Nội,Bệnh tim thiếu máu cục bộ mạn,Kră Jẵn Sa Min
244,PHẠM ĐĂNG KHOA,51,Nam,"Xã Đức Trọng, , Tỉnh Lâm Đồng",15/12/2025 7:20:00 PM,15/12/2025,07:20:00,PM,Thứ Hai,Ngoài giờ,Khoa Nội,Cơn đau thắt ngực không ổn định,Kră Jẵn Sa Min
245,ĐỖ MẠNH UYỂN,47,Nam,"., Xã Hiệp Thạnh, , Tỉnh Lâm Đồng",15/12/2025 5:20:00 PM,15/12/2025,05:20:00,PM,Thứ Hai,Ngoài giờ,Khoa Nội,Đau đầu,Kră Jẵn Sa Min
246,LIÊNG HÓT SI MÔN,1,Nam,"srê đăng, Xã Tân Hội, , Tỉnh Lâm Đồng",15/12/2025 8:15:00 PM,15/12/2025,08:15:00,PM,Thứ Hai,Ngoài giờ,Khoa Nhi,Nhiễm trùng đường ruột do vi khuẩn khác,Kră Jẵn Sa Min
247,MA ÁI NHIÊN,1,Nữ,"Xã Tà Hine, , Tỉnh Lâm Đồng",15/12/2025 11:00:00 PM,15/12/2025,11:00:00,PM,Thứ Hai,Ngoài giờ,Khoa Nhi,Viêm tiểu phế quản cấp,Kră Jẵn Sa Min
248,YA MINH,64,Nam,"Xã Đức Trọng, , Tỉnh Lâm Đồng",16/12/2025 3:15:00 AM,16/12/2025,03:15:00,AM,Thứ Ba,Ngoài giờ,Khoa Hồi sức tích cực,Bệnh phổi tắc nghẽn mãn tính đợt cấp do bội nhiễm,Kră Jẵn Sa Min
249,MA TIM,74,Nữ,"Thôn Kambutte, Xã Đơn Dương, , Tỉnh Lâm Đồng",16/12/2025 5:00:00 AM,16/12/2025,05:00:00,AM,Thứ Ba,Ngoài giờ,Khoa Nội,"Viêm dạ dày - ruột và đại tràng không nhiễm trùng, không đặc hiệu",Kră Jẵn Sa Min
250,LIÊNG HÓT HA THƯƠNG,27,Nam,"Gan Reo, Xã Hiệp Thạnh, , Tỉnh Lâm Đồng",16/12/2025 5:30:00 AM,16/12/2025,05:30:00,AM,Thứ Ba,Ngoài giờ,Khoa Nội,Bệnh trào ngược dạ dày - thực quản,Kră Jẵn Sa Min
251,NGUYỄN PHƯƠNG AN TÂM,1,Nữ,"Tân Hoà, Xã Tân Hội, , Tỉnh Lâm Đồng",17/12/2025 8:30:00 AM,17/12/2025,08:30:00,AM,Thứ Tư,Đúng giờ,Khoa Nhi,Nhiễm trùng đường ruột do vi khuẩn khác,Kră Jẵn Sa Min
252,ĐẶNG THÙY ANH,6,Nữ,"Xã Đạ Tẻh 3, , Tỉnh Lâm Đồng",17/12/2025 11:05:00 AM,17/12/2025,11:05:00,AM,Thứ Tư,Đúng giờ,Khoa Nhi,Viêm amyđan cấp,Kră Jẵn Sa Min
253,NGUYỄN THỊ ĐẮC,89,Nữ,"Xã Hiệp Thạnh, , Tỉnh Lâm Đồng",18/12/2025 10:10:00 AM,18/12/2025,10:10:00,AM,Thứ Năm,Đúng giờ,Khoa Hồi sức tích cực,Cơn đau thắt ngực không ổn định,Kră Jẵn Sa Min
254,NGUYỄN VĂN THÀNH,83,Nam,"Pré, Xã Đức Trọng, , Tỉnh Lâm Đồng",18/12/2025 9:30:00 AM,18/12/2025,09:30:00,AM,Thứ Năm,Đúng giờ,Khoa Nội,Đau dây thần kinh sau zona (B02.2†),Kră Jẵn Sa Min
255,ĐINH GIA HUY,12,Nam,"Xã Ninh Gia, , Tỉnh Lâm Đồng",18/12/2025 11:25:00 AM,18/12/2025,11:25:00,AM,Thứ Năm,Đúng giờ,Khoa Nhi,Nhiễm trùng đường ruột do vi khuẩn khác,Kră Jẵn Sa Min
256,K' NHẬT TY,12,Nam,"Xã Ninh Gia, , Tỉnh Lâm Đồng",18/12/2025 11:15:00 AM,18/12/2025,11:15:00,AM,Thứ Năm,Đúng giờ,Khoa Nhi,Nhiễm trùng đường ruột do vi khuẩn khác,Kră Jẵn Sa Min
257,ĐINH NGUYỄN ĐỨC HUY,12,Nam,"Xã Ninh Gia, , Tỉnh Lâm Đồng",18/12/2025 11:58:00 AM,18/12/2025,11:58:00,AM,Thứ Năm,Ngoài giờ,Khoa Nhi,Nhiễm trùng đường ruột do vi khuẩn khác,Kră Jẵn Sa Min
258,TRẦN NGUYỄN KIM NGỌC,12,Nam,"Xã Ninh Gia, , Tỉnh Lâm Đồng",18/12/2025 12:04:00 PM,18/12/2025,12:04:00,PM,Thứ Năm,Ngoài giờ,Khoa Nhi,Nhiễm trùng đường ruột do vi khuẩn khác,Kră Jẵn Sa Min
259,LÊ BẢO NAM,12,Nam,"Xã Ninh Gia, , Tỉnh Lâm Đồng",18/12/2025 12:11:00 PM,18/12/2025,12:11:00,PM,Thứ Năm,Ngoài giờ,Khoa Nhi,Nhiễm trùng đường ruột do vi khuẩn khác,Kră Jẵn Sa Min
260,PHẠM THỊ XUÂN NHI,12,Nữ,"Hiệp Hòa, Xã Ninh Gia, , Tỉnh Lâm Đồng",18/12/2025 11:48:00 AM,18/12/2025,11:48:00,AM,Thứ Năm,Ngoài giờ,Khoa Nhi,Nhiễm trùng đường ruột do vi khuẩn khác,Kră Jẵn Sa Min
261,Y THANH NIÊ,28,Nam,"Xã Ea Trang, , Tỉnh Đắk Lắk",18/12/2025 11:35:00 AM,18/12/2025,11:35:00,AM,Thứ Năm,Ngoài giờ,Khoa Ngoại - LCK,Bỏng nhiều vùng độ chưa xác định,Kră Jẵn Sa Min
262,K' JACK BI Ô,12,Nam,"Xã Ninh Gia, , Tỉnh Lâm Đồng",18/12/2025 11:30:00 AM,18/12/2025,11:30:00,AM,Thứ Năm,Ngoài giờ,Khoa Nhi,Nhiễm trùng đường ruột do vi khuẩn khác,Kră Jẵn Sa Min
263,NGUYỄN THỊ HỒNG KHUYÊN,44,Nữ,"Xã Hiệp Thạnh, , Tỉnh Lâm Đồng",18/12/2025 2:20:00 PM,18/12/2025,02:20:00,PM,Thứ Năm,Đúng giờ,Khoa Nội,Viêm dạ dày cấp khác,Kră Jẵn Sa Min
264,LÊ ANH ĐIỆT,50,Nam,"Phi Nôm, Xã Hiệp Thạnh, , Tỉnh Lâm Đồng",18/12/2025 2:30:00 PM,18/12/2025,02:30:00,PM,Thứ Năm,Đúng giờ,Khoa Ngoại - LCK,"Áp xe da, nhọt, nhọt cụm",Kră Jẵn Sa Min
265,HA DÂN,22,Nam,"Xã Đức Trọng, , Tỉnh Lâm Đồng",18/12/2025 4:30:00 PM,18/12/2025,04:30:00,PM,Thứ Năm,Đúng giờ,Khoa Ngoại - LCK,Viêm ruột thừa khác,Kră Jẵn Sa Min
266,PANG TIÊNG JU BIS,10,Nam,"Xã Gia Hiệp, , Tỉnh Lâm Đồng",18/12/2025 4:10:00 PM,18/12/2025,04:10:00,PM,Thứ Năm,Đúng giờ,Khoa Ngoại - LCK,Các tình trạng hậu phẫu thuật,Kră Jẵn Sa Min
267,K' THAN,41,Nam,"Đoàn kết, Xã Tân Hội, , Tỉnh Lâm Đồng",18/12/2025 6:20:00 PM,18/12/2025,06:20:00,PM,Thứ Năm,Ngoài giờ,Khoa Ngoại - LCK,Viêm ruột thừa khác,Kră Jẵn Sa Min
268,NGÔ THỊ TÝ,82,Nữ,"., Xã Đức Trọng, , Tỉnh Lâm Đồng",19/12/2025 9:45:00 AM,19/12/2025,09:45:00,AM,Thứ Sáu,Đúng giờ,Khoa Nội,Bệnh đái tháo đường không phụ thuộc insuline,Kră Jẵn Sa Min
269,DƠNG GUR HA THUY,41,Nam,"Xã Đức Trọng, , Tỉnh Lâm Đồng",19/12/2025 11:29:00 AM,19/12/2025,11:29:00,AM,Thứ Sáu,Đúng giờ,Khoa Hồi sức tích cực,Nhiễm độc Nọc độc của các tiết túc khác,Kră Jẵn Sa Min
270,NGÔ HOÀNG PHƯỚC,32,Nam,"Ấp Long Trường, Xã Phụng Hiệp, , Thành phố Cần Thơ",19/12/2025 10:50:00 AM,19/12/2025,10:50:00,AM,Thứ Sáu,Đúng giờ,Khoa Ngoại - LCK,"Gãy xương ở đầu thấp và xương quay, gãy kín",Kră Jẵn Sa Min
271,VI THỊ VÀNH,90,Nữ,"216 Nguyễn Đình Chiểu, Xã Đức Trọng, , Tỉnh Lâm Đồng",19/12/2025 11:20:00 AM,19/12/2025,11:20:00,AM,Thứ Sáu,Đúng giờ,Khoa Hồi sức tích cực,Bệnh lý tăng huyết áp,Kră Jẵn Sa Min
272,TRẦN THỊ ĐỢI,65,Nữ,"Xã Hiệp Thạnh, , Tỉnh Lâm Đồng",19/12/2025 3:45:00 PM,19/12/2025,03:45:00,PM,Thứ Sáu,Đúng giờ,Khoa Hồi sức tích cực,Hạ glucose máu không đặc hiệu,Kră Jẵn Sa Min
273,TRẦN VĂN LỰC,46,Nam,"Thịnh Long, Xã Tà Hine, , Tỉnh Lâm Đồng",19/12/2025 3:50:00 PM,19/12/2025,03:50:00,PM,Thứ Sáu,Đúng giờ,Khoa Ngoại - LCK,"Gãy xương các ngón tay khác, gãy hở",Kră Jẵn Sa Min
274,ĐẶNG TIẾN DŨNG,30,Nam,"Ba Cản, Xã Tân Hội, , Tỉnh Lâm Đồng",19/12/2025 4:20:00 PM,19/12/2025,04:20:00,PM,Thứ Sáu,Đúng giờ,Khoa Nội,Rối loạn chuyển hóa calci,Kră Jẵn Sa Min
275,NGUYỄN THỊ CẨM,77,Nữ,"An Ninh, Xã Hiệp Thạnh, , Tỉnh Lâm Đồng",20/12/2025 9:30:00 AM,20/12/2025,09:30:00,AM,Thứ Bảy,Đúng giờ,Khoa Hồi sức tích cực,Cơn đau thắt ngực không ổn định,Kră Jẵn Sa Min
276,BIA RAI K' NORA,2,Nữ,"Xã Đinh Văn Lâm Hà, , Tỉnh Lâm Đồng",20/12/2025 10:00:00 AM,20/12/2025,10:00:00,AM,Thứ Bảy,Đúng giờ,Khoa Ngoại - LCK,Lồng ruột,Kră Jẵn Sa Min
277,HÂU PHƯƠNG TRIỆU MẪN,1,Nữ,"Xã Đức Trọng, , Tỉnh Lâm Đồng",20/12/2025 9:26:00 AM,20/12/2025,09:26:00,AM,Thứ Bảy,Đúng giờ,Khoa Nhi,Viêm tiểu phế quản cấp,Kră Jẵn Sa Min
278,TRẦN HỮU ĐỨC,48,Nam,"Xã Đức Trọng, , Tỉnh Lâm Đồng",20/12/2025 12:21:00 PM,20/12/2025,12:21:00,PM,Thứ Bảy,Ngoài giờ,Khoa Nội,Bệnh lý tăng huyết áp,Kră Jẵn Sa Min
279,LÊ GIA BẢO,8,Nam,"Xã Thanh Bình, , Tỉnh Đồng Tháp",20/12/2025 3:00:00 PM,20/12/2025,03:00:00,PM,Thứ Bảy,Đúng giờ,Khoa Nhi,"Viêm phổi, tác nhân không xác định",Kră Jẵn Sa Min
280,LÔ CÔNG THÀNH,54,Nam,"Tổ 49, Xã Đức Trọng, , Tỉnh Lâm Đồng",20/12/2025 4:10:00 PM,20/12/2025,04:10:00,PM,Thứ Bảy,Đúng giờ,Khoa Ngoại - LCK,đụng giập tại đầu gối,Kră Jẵn Sa Min
281,TRẦN NGUYỄN HUYỀN TRANG,27,Nữ,"Phú Thạnh, Xã Hiệp Thạnh, , Tỉnh Lâm Đồng",20/12/2025 4:45:00 PM,20/12/2025,04:45:00,PM,Thứ Bảy,Đúng giờ,Khoa Nội,"Viêm phế quản phổi, không đặc hiệu",Kră Jẵn Sa Min
282,HỒ A SÁNG,67,Nam,"Xã Đức Trọng, , Tỉnh Lâm Đồng",20/12/2025 6:15:00 PM,20/12/2025,06:15:00,PM,Thứ Bảy,Ngoài giờ,Khoa Nội,Bệnh lý tăng huyết áp,Kră Jẵn Sa Min
283,ĐẶNG CHÂU NGÂN KHÁNH,7,Nữ,"Xã Hiệp Thạnh, , Tỉnh Lâm Đồng",20/12/2025 8:25:00 PM,20/12/2025,08:25:00,PM,Thứ Bảy,Ngoài giờ,Khoa Nhi,Nhiễm trùng đường ruột do vi khuẩn khác,Kră Jẵn Sa Min
284,ĐÈO THỊ NGỌC UYỂN,74,Nữ,"Tổ 1, Xã Đức Trọng, , Tỉnh Lâm Đồng",20/12/2025 9:50:00 PM,20/12/2025,09:50:00,PM,Thứ Bảy,Ngoài giờ,Khoa Nội,Rối loạn chức năng tiền đình,Kră Jẵn Sa Min
285,TRẦN THỊ THU PHƯƠNG,46,Nữ,"Xã Đức Trọng, , Tỉnh Lâm Đồng",21/12/2025 12:25:00 AM,21/12/2025,12:25:00,AM,Chủ Nhật,Đúng giờ,Khoa Nội,Hen [suyễn],Kră Jẵn Sa Min
286,NGUYỄN MINH QUANG,3,Nam,"Xã Hiệp Thạnh, , Tỉnh Lâm Đồng",21/12/2025 1:00:00 AM,21/12/2025,01:00:00,AM,Chủ Nhật,Ngoài giờ,Khoa Nhi,"Viêm phổi, tác nhân không xác định",Kră Jẵn Sa Min
287,PHẠM NGỌC ĐOAN TRANG,1,Nam,"Xã Tà Hine, , Tỉnh Lâm Đồng",29/12/2025 10:00:00 AM,29/12/2025,10:00:00,AM,Thứ Hai,Đúng giờ,Khoa Nhi,Vàng da sơ sinh do các nguyên nhân khác và nguyên nhân không được định rõ,Kră Jẵn Sa Min
288,KA SĂ THANH VÂN,1,Nữ,"Xã Đơn Dương, , Tỉnh Lâm Đồng",29/12/2025 10:05:00 AM,29/12/2025,10:05:00,AM,Thứ Hai,Đúng giờ,Khoa Nhi,Nhiễm trùng đường ruột do vi khuẩn khác,Kră Jẵn Sa Min
289,A DĂT MY LINH,24,Nữ,"Xã Tân Hội, , Tỉnh Lâm Đồng",29/12/2025 12:20:00 PM,29/12/2025,12:20:00,PM,Thứ Hai,Ngoài giờ,Khoa Nội,Đau bụng không xác định và đau bụng khác,Kră Jẵn Sa Min
290,A DĂT MY LINH,24,Nữ,"Xã Tân Hội, , Tỉnh Lâm Đồng",29/12/2025 12:20:00 PM,29/12/2025,12:20:00,PM,Thứ Hai,Ngoài giờ,Khoa Nội,Nhiễm trùng đường ruột do vi khuẩn khác,Kră Jẵn Sa Min
291,NGUYỄN VĂN DƯ,58,Nam,"Tà Sơn, Xã Tà Năng, , Tỉnh Lâm Đồng",29/12/2025 12:05:00 PM,29/12/2025,12:05:00,PM,Thứ Hai,Ngoài giờ,Khoa Ngoại - LCK,"Áp xe da, nhọt, nhọt cụm",Kră Jẵn Sa Min
292,CILL PAM THE RIN NÔS,2,Nữ,"SỐ NHÀ 117, THÔN YANG LY, Xã Tân Hội, , Tỉnh Lâm Đồng",29/12/2025 7:50:00 PM,29/12/2025,07:50:00,PM,Thứ Hai,Ngoài giờ,Khoa Nhi,Co giật do sốt,Kră Jẵn Sa Min
293,K' MÔN,19,Nữ,"Thôn R' Chai 1, Xã Đức Trọng, , Tỉnh Lâm Đồng",29/12/2025 8:00:00 PM,29/12/2025,08:00:00,PM,Thứ Hai,Ngoài giờ,Khoa Nội,"Chảy máu tiêu hóa, không đặc hiệu",Kră Jẵn Sa Min
294,LÊ THỊ THOẠI MỸ,1,Nữ,"Xã Vĩnh Trinh, , Thành phố Cần Thơ",29/12/2025 9:45:00 PM,29/12/2025,09:45:00,PM,Thứ Hai,Ngoài giờ,Khoa Nhi,Viêm tiểu phế quản cấp,Kră Jẵn Sa Min
295,CIL PAM HA JUN NY,8,Nam,"Xã Tân Hội, , Tỉnh Lâm Đồng",29/12/2025 10:40:00 PM,29/12/2025,10:40:00,PM,Thứ Hai,Ngoài giờ,Khoa Nhi,Viêm amyđan cấp,Kră Jẵn Sa Min
296,NGUYỄN THỊ TÙNG,56,Nữ,"Xã Đức Trọng, , Tỉnh Lâm Đồng",29/12/2025 11:20:00 PM,29/12/2025,11:20:00,PM,Thứ Hai,Ngoài giờ,Khoa Hồi sức tích cực,"Sốc phản vệ, chưa xác định",Kră Jẵn Sa Min
297,SỲ PHƯƠNG NGHI,3,Nữ,"Xã Hiệp Thạnh, , Tỉnh Lâm Đồng",30/12/2025 7:55:00 AM,30/12/2025,07:55:00,AM,Thứ Ba,Đúng giờ,Khoa Nhi,Viêm amyđan cấp,Kră Jẵn Sa Min
298,NGÔ THỊ ÁNH,68,Nữ,"Xã Đức Trọng, , Tỉnh Lâm Đồng",31/12/2025 3:10:00 PM,31/12/2025,03:10:00,PM,Thứ Tư,Đúng giờ,Khoa Ngoại - LCK,Tổn thương nông ở cổ tay và bàn tay,Kră Jẵn Sa Min
299,ĐẶNG THỊ NGỌ,99,Nữ,"Thôn Ninh Thuận, Xã Tà Hine, , Tỉnh Lâm Đồng",31/12/2025 3:35:00 PM,31/12/2025,03:35:00,PM,Thứ Tư,Đúng giờ,Khoa Hồi sức tích cực,Suy hô hấp cấp,Kră Jẵn Sa Min
300,LƠ MU K' GLÔNG,77,Nữ,"Xã Hiệp Thạnh, , Tỉnh Lâm Đồng",31/12/2025 6:00:00 PM,31/12/2025,06:00:00,PM,Thứ Tư,Ngoài giờ,Khoa Nội,"Viêm phổi, tác nhân không xác định",Kră Jẵn Sa Min
301,LƠ MU K' SU MIN,23,Nữ,"Xã Đức Trọng, , Tỉnh Lâm Đồng",01/12/2025 12:45:00 AM,01/12/2025,12:45:00,AM,Thứ Hai,Ngoài giờ,Khoa Nội,Nhiễm trùng đường ruột do vi khuẩn khác,Lê Nguyễn Như Quỳnh
302,NGUYỄN HƯƠNG QUẾ,10,Nữ,"Xã Tà Hine, , Tỉnh Lâm Đồng",01/12/2025 3:15:00 AM,01/12/2025,03:15:00,AM,Thứ Hai,Ngoài giờ,Khoa Nhi,Viêm phế quản cấp,Lê Nguyễn Như Quỳnh
303,VÕ TUẤN KIỆT,1,Nam,"Xã Hiệp Thạnh, , Tỉnh Lâm Đồng",01/12/2025 3:30:00 PM,01/12/2025,03:30:00,PM,Thứ Hai,Đúng giờ,Khoa Nhi,Viêm tiểu phế quản cấp,Lê Nguyễn Như Quỳnh
304,KON SA K' LUY,44,Nữ,"Tân Hạ, Xã Tà Năng, , Tỉnh Lâm Đồng",03/12/2025 8:55:00 AM,03/12/2025,08:55:00,AM,Thứ Tư,Đúng giờ,Khoa Nội,Hen [suyễn],Lê Nguyễn Như Quỳnh
305,JƠ RƠ LƠNG NAI MẪN,14,Nữ,"Tà hine, Xã Tà Hine, , Tỉnh Lâm Đồng",03/12/2025 1:48:00 PM,03/12/2025,01:48:00,PM,Thứ Tư,Đúng giờ,Khoa Nhi,Viêm amyđan cấp,Lê Nguyễn Như Quỳnh
306,CIL PAM K NGỌ,1,Nữ,"Xã Tà Năng, , Tỉnh Lâm Đồng",04/12/2025 4:20:00 PM,04/12/2025,04:20:00,PM,Thứ Năm,Đúng giờ,Khoa Nhi,"Viêm phổi, tác nhân không xác định",Lê Nguyễn Như Quỳnh
307,ĐẠO THANH KHANG,12,Nam,"Xã Đức Trọng, , Tỉnh Lâm Đồng",05/12/2025 9:00:00 AM,05/12/2025,09:00:00,AM,Thứ Sáu,Đúng giờ,Khoa Nhi,Sốt xuất huyết Dengue,Lê Nguyễn Như Quỳnh
308,TRẦN NGUYỄN THIỆN BẢO,3,Nam,"Thôn 1, Xã Đơn Dương, , Tỉnh Lâm Đồng",05/12/2025 8:40:00 AM,05/12/2025,08:40:00,AM,Thứ Sáu,Đúng giờ,Khoa Nhi,Hen [suyễn],Lê Nguyễn Như Quỳnh
309,CỔ DUY AN,9,Nam,"An Bình, Xã Hiệp Thạnh, , Tỉnh Lâm Đồng",06/12/2025 9:20:00 AM,06/12/2025,09:20:00,AM,Thứ Bảy,Đúng giờ,Khoa Nhi,Hen [suyễn],Lê Nguyễn Như Quỳnh
310,MA THAN,40,Nữ,"Klong Bong, Xã Tà Năng, , Tỉnh Lâm Đồng",06/12/2025 9:45:00 AM,06/12/2025,09:45:00,AM,Thứ Bảy,Đúng giờ,Khoa Nội,Rối loạn chức năng tiền đình,Lê Nguyễn Như Quỳnh
311,SA K GLORIA,2,Nữ,"Thôn  Păng Sim, Xã Đam Rông 1, , Tỉnh Lâm Đồng",06/12/2025 10:00:00 AM,06/12/2025,10:00:00,AM,Thứ Bảy,Đúng giờ,Khoa Nhi,Viêm tiểu phế quản cấp,Lê Nguyễn Như Quỳnh
312,LÒ THỊ HINH,62,Nữ,"Tổ 5, Xã Đức Trọng, , Tỉnh Lâm Đồng",06/12/2025 9:50:00 AM,06/12/2025,09:50:00,AM,Thứ Bảy,Đúng giờ,Khoa Nội,Rối loạn chức năng tiền đình,Lê Nguyễn Như Quỳnh
313,TRẦN THỊ NGỌC TUYẾT,62,Nữ,"Tổ 11, KP 3, Phường Thủ Đức, , Thành phố Hồ Chí Minh",06/12/2025 11:45:00 AM,06/12/2025,11:45:00,AM,Thứ Bảy,Ngoài giờ,Khoa Nội,Nhiễm trùng đường ruột do vi khuẩn khác,Lê Nguyễn Như Quỳnh
314,ĐINH THỊ NHÀN,32,Nữ,"Đường Lê Văn Tám, Tổ Dân Phố 22, Xã Đức Trọng, , Tỉnh Lâm Đồng",06/12/2025 2:10:00 PM,06/12/2025,02:10:00,PM,Thứ Bảy,Đúng giờ,Khoa Hồi sức tích cực,"Sốc phản vệ, chưa xác định",Lê Nguyễn Như Quỳnh
315,TRẦN NGUYỄN MINH KHÔI,2,Nam,"Xã Đạ Tẻh 2, , Tỉnh Lâm Đồng",06/12/2025 2:30:00 PM,06/12/2025,02:30:00,PM,Thứ Bảy,Đúng giờ,Khoa Nhi,Viêm tiểu phế quản cấp,Lê Nguyễn Như Quỳnh
316,LĂNG VĂN HOÀNG,63,Nam,"Tổ 61, Xã Đức Trọng, , Tỉnh Lâm Đồng",06/12/2025 2:45:00 PM,06/12/2025,02:45:00,PM,Thứ Bảy,Đúng giờ,Khoa Ngoại - LCK,Viêm mô bào,Lê Nguyễn Như Quỳnh
317,K' PHÚC,14,Nam,"Xã Hiệp Thạnh, , Tỉnh Lâm Đồng",06/12/2025 4:15:00 PM,06/12/2025,04:15:00,PM,Thứ Bảy,Đúng giờ,Khoa Ngoại - LCK,Sai khớp háng,Lê Nguyễn Như Quỳnh
318,NGUYỄN THỊ SOÁT,54,Nữ,"TÂN HIỆP, Xã Hiệp Thạnh, , Tỉnh Lâm Đồng",06/12/2025 6:50:00 PM,06/12/2025,06:50:00,PM,Thứ Bảy,Ngoài giờ,Khoa Hồi sức tích cực,Hạ kali máu,Lê Nguyễn Như Quỳnh
319,CIL YŨ HA PHÊ,63,Nam,"Chơ Ré, Xã Tà Năng, , Tỉnh Lâm Đồng",06/12/2025 7:15:00 PM,06/12/2025,07:15:00,PM,Thứ Bảy,Ngoài giờ,Khoa Hồi sức tích cực,"Tăng đường huyết, không đặc hiệu",Lê Nguyễn Như Quỳnh
320,HOÀNG THỊ THU THUỶ,57,Nữ,"Xã Đức Trọng, , Tỉnh Lâm Đồng",06/12/2025 7:40:00 PM,06/12/2025,07:40:00,PM,Thứ Bảy,Ngoài giờ,Khoa Nội,Rối loạn chức năng tiền đình,Lê Nguyễn Như Quỳnh
321,PHẠM VĂN NGỌC,16,Nam,"Xã Hiệp Thạnh, , Tỉnh Lâm Đồng",06/12/2025 9:30:00 PM,06/12/2025,09:30:00,PM,Thứ Bảy,Ngoài giờ,Khoa Ngoại - LCK,Vết thương hở tại cẳng chân,Lê Nguyễn Như Quỳnh
322,PHẠM VĂN PHONG,48,Nam,"Tổ 19, Thôn Phi Nôm, Xã Hiệp Thạnh, , Tỉnh Lâm Đồng",06/12/2025 10:15:00 PM,06/12/2025,10:15:00,PM,Thứ Bảy,Ngoài giờ,Khoa Nội,Bệnh lý tăng huyết áp,Lê Nguyễn Như Quỳnh
323,NGUYỄN HOÀNG KHANG NAM,7,Nam,"Xã Đức Trọng, , Tỉnh Lâm Đồng",06/12/2025 11:20:00 PM,06/12/2025,11:20:00,PM,Thứ Bảy,Ngoài giờ,Khoa Ngoại - LCK,Viêm ruột thừa cấp,Lê Nguyễn Như Quỳnh
324,VÕ NHẬT BẢO KHÔI,8,Nam,"Phú Thạnh, Xã Hiệp Thạnh, , Tỉnh Lâm Đồng",07/12/2025 3:00:00 AM,07/12/2025,03:00:00,AM,Chủ Nhật,Ngoài giờ,Khoa Nhi,Viêm thanh quản và khí quản cấp,Lê Nguyễn Như Quỳnh
325,HUỲNH THANH PHƯƠNG,50,Nam,"Thôn Klong, Xã Hiệp Thạnh, , Tỉnh Lâm Đồng",08/12/2025 11:00:00 AM,08/12/2025,11:00:00,AM,Thứ Hai,Đúng giờ,Khoa Nội,"Viêm phổi, tác nhân không xác định",Lê Nguyễn Như Quỳnh
326,ĐỖ THỊ LIÊN,89,Nữ,"Xã Hiệp Thạnh, , Tỉnh Lâm Đồng",12/12/2025 7:45:00 PM,12/12/2025,07:45:00,PM,Thứ Sáu,Ngoài giờ,Khoa Nội,Bệnh lý tăng huyết áp,Lê Nguyễn Như Quỳnh
327,KON SƠ MHANG,96,Nữ,"Thôn Blá, Xã Tà Năng, , Tỉnh Lâm Đồng",12/12/2025 9:00:00 PM,12/12/2025,09:00:00,PM,Thứ Sáu,Ngoài giờ,Khoa Ngoại - LCK,Gãy xương đùi,Lê Nguyễn Như Quỳnh
328,KON SƠ K' CHA,78,Nữ,"Xã Tà Năng, , Tỉnh Lâm Đồng",12/12/2025 10:00:00 PM,12/12/2025,10:00:00,PM,Thứ Sáu,Ngoài giờ,Khoa Hồi sức tích cực,"Viêm phổi, tác nhân không xác định",Lê Nguyễn Như Quỳnh
329,NGUYỄN THỊ MINH THU,4,Nữ,"Hợp Lâm, Xã Lâm Giang, , Tỉnh Lào Cai",13/12/2025 12:05:00 AM,13/12/2025,12:05:00,AM,Thứ Bảy,Đúng giờ,Khoa Nhi,Viêm họng có phỏng nước do virus đường ruột với phát ban,Lê Nguyễn Như Quỳnh
330,PHẠM THỊ HUYỀN,43,Nữ,"Thôn Tân Hiệp, Xã Tân Hội, , Tỉnh Lâm Đồng",13/12/2025 1:10:00 AM,13/12/2025,01:10:00,AM,Thứ Bảy,Ngoài giờ,Khoa Nội,Hen [suyễn],Lê Nguyễn Như Quỳnh
331,KON SA HA THIỆN NHÂN,4,Nam,"Thôn Yang Ly, Xã Tân Hội, , Tỉnh Lâm Đồng",13/12/2025 12:40:00 AM,13/12/2025,12:40:00,AM,Thứ Bảy,Ngoài giờ,Khoa Nhi,Viêm họng có phỏng nước do virus đường ruột với phát ban,Lê Nguyễn Như Quỳnh
332,LIÊNG HÓT K' MY RA,2,Nữ,"Xã Đức Trọng, , Tỉnh Lâm Đồng",13/12/2025 1:45:00 AM,13/12/2025,01:45:00,AM,Thứ Bảy,Ngoài giờ,Khoa Nhi,Nhiễm trùng đường ruột do vi khuẩn khác,Lê Nguyễn Như Quỳnh
333,CHAM IN MA THUY,55,Nữ,"Xã Đức Trọng, , Tỉnh Lâm Đồng",13/12/2025 5:20:00 AM,13/12/2025,05:20:00,AM,Thứ Bảy,Ngoài giờ,Khoa Nội,Rối loạn chức năng tiền đình,Lê Nguyễn Như Quỳnh
334,TRẦN MINH THIỆN,1,Nam,"Xã Nam Ban Lâm Hà, , Tỉnh Lâm Đồng",13/12/2025 7:50:00 AM,13/12/2025,07:50:00,AM,Thứ Bảy,Đúng giờ,Khoa Nhi,"Viêm phổi, tác nhân không xác định",Lê Nguyễn Như Quỳnh
335,NGUYỄN THỊ ÁNH,57,Nữ,"., Xã Đức Trọng, , Tỉnh Lâm Đồng",15/12/2025 3:00:00 PM,15/12/2025,03:00:00,PM,Thứ Hai,Đúng giờ,Khoa Nội,Bệnh lý tăng huyết áp,Lê Nguyễn Như Quỳnh
336,CHÂU THỊ THU,61,Nữ,"Xã Hiệp Thạnh, , Tỉnh Lâm Đồng",17/12/2025 6:10:00 PM,17/12/2025,06:10:00,PM,Thứ Tư,Ngoài giờ,Khoa Nội,Viêm họng cấp,Lê Nguyễn Như Quỳnh
337,VY VĂN XUÂN,68,Nam,"16, Xã Đức Trọng, , Tỉnh Lâm Đồng",17/12/2025 6:05:00 PM,17/12/2025,06:05:00,PM,Thứ Tư,Ngoài giờ,Khoa Nội,Rối loạn chức năng tiền đình,Lê Nguyễn Như Quỳnh
338,NGUYỄN HÀ,42,Nam,"Xã Đức Trọng, , Tỉnh Lâm Đồng",17/12/2025 10:30:00 PM,17/12/2025,10:30:00,PM,Thứ Tư,Ngoài giờ,Khoa Hồi sức tích cực,"Sốc phản vệ, chưa xác định",Lê Nguyễn Như Quỳnh
339,LÊ HẢI YẾN,53,Nữ,"Xã Hiệp Thạnh, , Tỉnh Lâm Đồng",17/12/2025 10:00:00 PM,17/12/2025,10:00:00,PM,Thứ Tư,Ngoài giờ,Khoa Nội,Nhiễm trùng đường ruột do vi khuẩn khác,Lê Nguyễn Như Quỳnh
340,BẾ HOÀNG MINH NGỌC,1,Nữ,"Thôn Tơ Mrang, Xã Tà Năng, , Tỉnh Lâm Đồng",17/12/2025 11:23:00 PM,17/12/2025,11:23:00,PM,Thứ Tư,Ngoài giờ,Khoa Nhi,Viêm tiểu phế quản cấp,Lê Nguyễn Như Quỳnh
341,NGUYỄN TRẦN ĐẠI QUANG,5,Nam,"Phường Xuân Hương - Đà Lạt, , Tỉnh Lâm Đồng",22/12/2025 9:15:00 AM,22/12/2025,09:15:00,AM,Thứ Hai,Đúng giờ,Khoa Nhi,"Chảy máu tiêu hóa, không đặc hiệu",Lê Nguyễn Như Quỳnh
342,LÊ TUẤN ANH,3,Nam,"Xã Ninh Gia, , Tỉnh Lâm Đồng",22/12/2025 9:50:00 AM,22/12/2025,09:50:00,AM,Thứ Hai,Đúng giờ,Khoa Nhi,"Viêm phế quản phổi, không đặc hiệu",Lê Nguyễn Như Quỳnh
343,NGUYỄN THỊ LƯỢM,74,Nữ,"Ninh Hòa, Xã Ninh Gia, , Tỉnh Lâm Đồng",23/12/2025 9:20:00 AM,23/12/2025,09:20:00,AM,Thứ Ba,Đúng giờ,Khoa Hồi sức tích cực,"Viêm phổi, tác nhân không xác định",Lê Nguyễn Như Quỳnh
344,PANG KAO KA TUYẾT,33,Nữ,"Thôn Đa Hoa, Xã Đơn Dương, , Tỉnh Lâm Đồng",23/12/2025 10:10:00 AM,23/12/2025,10:10:00,AM,Thứ Ba,Đúng giờ,Khoa Nội,"Viêm phổi, tác nhân không xác định",Lê Nguyễn Như Quỳnh
345,K' QUYỂN,39,Nam,"Thôn Tân Hiệp, Xã Tân Hội, , Tỉnh Lâm Đồng",23/12/2025 11:35:00 AM,23/12/2025,11:35:00,AM,Thứ Ba,Ngoài giờ,Khoa Ngoại - LCK,Sai khớp vai,Lê Nguyễn Như Quỳnh
346,NGUYỄN THỊ DUNG,66,Nữ,"Phú Lộc, Xã Đức Trọng, , Tỉnh Lâm Đồng",23/12/2025 5:20:00 PM,23/12/2025,05:20:00,PM,Thứ Ba,Ngoài giờ,Khoa Nội,Rối loạn chức năng tiền đình,Lê Nguyễn Như Quỳnh
347,LƯƠNG THỊ HƯƠNG,57,Nữ,"Tổ 47, Xã Đức Trọng, , Tỉnh Lâm Đồng",23/12/2025 5:40:00 PM,23/12/2025,05:40:00,PM,Thứ Ba,Ngoài giờ,Khoa Nội,Rối loạn chức năng tiền đình,Lê Nguyễn Như Quỳnh
348,HOÀNG VĂN SLẠCH,67,Nam,"Tổ 15, Xã Đức Trọng, , Tỉnh Lâm Đồng",23/12/2025 9:30:00 PM,23/12/2025,09:30:00,PM,Thứ Ba,Ngoài giờ,Khoa Hồi sức tích cực,Suy tim,Lê Nguyễn Như Quỳnh
349,HUỲNH CÔNG ĐÂY,62,Nam,"THÔN TÂN BìNH, Xã Tân Hội, , Tỉnh Lâm Đồng",23/12/2025 9:40:00 PM,23/12/2025,09:40:00,PM,Thứ Ba,Ngoài giờ,Khoa Ngoại - LCK,Tổn thương của lồng ngực,Lê Nguyễn Như Quỳnh
350,NGUYỄN THỊ PHƯƠNG,69,Nữ,"Tổ 12, Xã Đức Trọng, , Tỉnh Lâm Đồng",26/12/2025 9:50:00 AM,26/12/2025,09:50:00,AM,Thứ Sáu,Đúng giờ,Khoa Nội,Bệnh đái tháo đường không phụ thuộc insuline,Lê Nguyễn Như Quỳnh
351,TRẦN THỊ HẢI,37,Nữ,"Thôn Đô Hành, Xã Đồng Lộc, , Tỉnh Hà Tĩnh",26/12/2025 12:00:00 PM,26/12/2025,12:00:00,PM,Thứ Sáu,Ngoài giờ,Khoa CSSKSS & Phụ Sản,Đau bụng không xác định và đau bụng khác,Lê Nguyễn Như Quỳnh
352,CÔ Y JIN,2,Nữ,"TỔ 21, THÔN BỒNG LAI, Xã Hiệp Thạnh, , Tỉnh Lâm Đồng",26/12/2025 7:50:00 PM,26/12/2025,07:50:00,PM,Thứ Sáu,Ngoài giờ,Khoa Nhi,Nhiễm trùng đường ruột do vi khuẩn khác,Lê Nguyễn Như Quỳnh
353,RƠ ÔNG K' KHOAN,1,Nam,"Xã Hiệp Thạnh, , Tỉnh Lâm Đồng",26/12/2025 9:30:00 PM,26/12/2025,09:30:00,PM,Thứ Sáu,Ngoài giờ,Khoa Nhi,"Viêm phổi, tác nhân không xác định",Lê Nguyễn Như Quỳnh
354,PHẠM HOÀNG MINH KHÔI,3,Nam,"Xã Đức Trọng, , Tỉnh Lâm Đồng",27/12/2025 12:40:00 AM,27/12/2025,12:40:00,AM,Thứ Bảy,Ngoài giờ,Khoa Nhi,Nhiễm trùng đường ruột do vi khuẩn khác,Lê Nguyễn Như Quỳnh
355,TRẦN ĐĂNG KHÔI,3,Nam,"Xã Hiệp Thạnh, , Tỉnh Lâm Đồng",27/12/2025 1:45:00 AM,27/12/2025,01:45:00,AM,Thứ Bảy,Ngoài giờ,Khoa Nhi,Viêm amyđan cấp,Lê Nguyễn Như Quỳnh
356,THẠCH QUỐC DŨNG,12,Nam,"K'Nai, Xã Đức Trọng, , Tỉnh Lâm Đồng",27/12/2025 5:00:00 AM,27/12/2025,05:00:00,AM,Thứ Bảy,Ngoài giờ,Khoa Ngoại - LCK,Viêm ruột thừa cấp,Lê Nguyễn Như Quỳnh
357,NGUYỄN HẢI MINH,76,Nam,"Xã Đức Trọng, , Tỉnh Lâm Đồng",29/12/2025 9:40:00 AM,29/12/2025,09:40:00,AM,Thứ Hai,Đúng giờ,Khoa Nội,Hen [suyễn],Lê Nguyễn Như Quỳnh
358,K' YON SANG UY,12,Nữ,"Chi Rông, Xã Đức Trọng, , Tỉnh Lâm Đồng",30/12/2025 3:50:00 PM,30/12/2025,03:50:00,PM,Thứ Ba,Đúng giờ,Khoa Nhi,Viêm amyđan cấp,Lê Nguyễn Như Quỳnh
359,LƯƠNG HOÀNG PHÚC KHÁNH,2,Nam,"Phường Lâm Viên - Đà Lạt, , Tỉnh Lâm Đồng",30/12/2025 3:40:00 PM,30/12/2025,03:40:00,PM,Thứ Ba,Đúng giờ,Khoa Nhi,Nhiễm trùng đường ruột do vi khuẩn khác,Lê Nguyễn Như Quỳnh
360,DƠNG GUR K' RU TƠ,22,Nữ,"Đà R Griềng, Xã Tà Hine, , Tỉnh Lâm Đồng",27/12/2025 11:40:00 PM,27/12/2025,11:40:00,PM,Thứ Bảy,Ngoài giờ,PKĐK KV Đà Loan,Theo dõi thai bình thường,Lê Văn Hải
361,LÊ VĂN KHOA,62,Nam,"Tổ 16, Xã Đức Trọng, , Tỉnh Lâm Đồng",11/12/2025 9:40:00 AM,11/12/2025,09:40:00,AM,Thứ Năm,Đúng giờ,Khoa Ngoại - LCK,Viêm ruột thừa khác,Ngô Thị Cẩm Tú
362,YA PHÁT,2,Nam,"Thôn Ma Am, Xã Tà Hine, , Tỉnh Lâm Đồng",16/12/2025 9:44:00 AM,16/12/2025,09:44:00,AM,Thứ Ba,Đúng giờ,Khoa Nhi,Viêm tiểu phế quản cấp,Ngô Thị Cẩm Tú
363,TRẦN THỊ HẢO,72,Nữ,"Tổ 16, Xã Đức Trọng, , Tỉnh Lâm Đồng",17/12/2025 9:19:00 AM,17/12/2025,09:19:00,AM,Thứ Tư,Đúng giờ,Khoa Nội,"Viêm phế quản phổi, không đặc hiệu",Ngô Thị Cẩm Tú
364,MAI ĐÌNH TÂM,72,Nam,"Tổ 16, Xã Đức Trọng, , Tỉnh Lâm Đồng",17/12/2025 9:12:00 AM,17/12/2025,09:12:00,AM,Thứ Tư,Đúng giờ,Khoa Nội,Hoa mắt và chóng mặt,Ngô Thị Cẩm Tú
365,DA KRIÊNG AN VY,1,Nữ,"Xã Tà Năng, , Tỉnh Lâm Đồng",17/12/2025 2:19:00 PM,17/12/2025,02:19:00,PM,Thứ Tư,Đúng giờ,Khoa Nhi,"Viêm phổi, tác nhân không xác định",Ngô Thị Cẩm Tú
366,NGÔ TẤN TÙNG,58,Nam,"Thôn 03, Xã Nam Ban Lâm Hà, , Tỉnh Lâm Đồng",18/12/2025 9:51:00 AM,18/12/2025,09:51:00,AM,Thứ Năm,Đúng giờ,Khoa Nội,"Viêm phế quản phổi, không đặc hiệu",Ngô Thị Cẩm Tú
367,LƯU THỊ HƯỜNG,73,Nữ,"Đà Giang, Xã Tà Hine, , Tỉnh Lâm Đồng",19/12/2025 9:50:00 AM,19/12/2025,09:50:00,AM,Thứ Sáu,Đúng giờ,Khoa Nội,"Viêm phế quản phổi, không đặc hiệu",Ngô Thị Cẩm Tú
368,LÊ MINH NHẬT,1,Nam,"Xã Gia Hiệp, , Tỉnh Lâm Đồng",24/12/2025 4:21:00 PM,24/12/2025,04:21:00,PM,Thứ Tư,Đúng giờ,Khoa Nhi,Viêm tiểu phế quản cấp,Ngô Thị Cẩm Tú
369,LÊ ĐĂNG KHOA,1,Nam,"Bắc hội, Xã Hiệp Thạnh, , Tỉnh Lâm Đồng",25/12/2025 9:24:00 AM,25/12/2025,09:24:00,AM,Thứ Năm,Đúng giờ,Khoa Nhi,"Viêm phổi, tác nhân không xác định",Ngô Thị Cẩm Tú
370,TRẦN QUỐC CƯỜNG,27,Nam,"Tổ 29 thôn Hiệp Hòa, Xã Ninh Gia, , Tỉnh Lâm Đồng",25/12/2025 11:08:00 AM,25/12/2025,11:08:00,AM,Thứ Năm,Đúng giờ,Khoa Nội,Sốt xuất huyết Dengue,Ngô Thị Cẩm Tú
371,NGUYỄN HẢI THIÊN HƯNG,1,Nam,"Xã Tân Hội, , Tỉnh Lâm Đồng",26/12/2025 8:35:00 AM,26/12/2025,08:35:00,AM,Thứ Sáu,Đúng giờ,Khoa Nhi,"Viêm phổi, tác nhân không xác định",Ngô Thị Cẩm Tú
372,VƯƠNG NGỌC,2,Nữ,"Phường Long Hoa, , Tỉnh Tây Ninh",26/12/2025 9:00:00 AM,26/12/2025,09:00:00,AM,Thứ Sáu,Đúng giờ,Khoa Nhi,Viêm tiểu phế quản cấp,Ngô Thị Cẩm Tú
373,NGÔ THỊ PHƯỢNG,43,Nữ,"Xã Tà Năng, , Tỉnh Lâm Đồng",26/12/2025 11:17:00 AM,26/12/2025,11:17:00,AM,Thứ Sáu,Đúng giờ,Khoa Ngoại - LCK,"Áp xe da, nhọt, cụm nhọt ở vị trí khác",Ngô Thị Cẩm Tú
374,KON SƠ MI REM,21,Nữ,"Chơ Rung, Xã Tà Năng, , Tỉnh Lâm Đồng",02/12/2025 7:44:00 AM,02/12/2025,07:44:00,AM,Thứ Ba,Đúng giờ,Khoa CSSKSS & Phụ Sản,Theo dõi thai bình thường,Nguyễn Thị Hà
375,KA SĂ K' HỢP,21,Nữ,"Ma Bó, Xã Tà Năng, , Tỉnh Lâm Đồng",02/12/2025 7:32:00 AM,02/12/2025,07:32:00,AM,Thứ Ba,Đúng giờ,Khoa CSSKSS & Phụ Sản,Theo dõi thai bình thường,Nguyễn Thị Hà
376,ĐỖ THỊ BẢO TRANG,29,Nữ,"TÂN AN, Xã Tân Hội, , Tỉnh Lâm Đồng",02/12/2025 9:12:00 AM,02/12/2025,09:12:00,AM,Thứ Ba,Đúng giờ,Khoa CSSKSS & Phụ Sản,Theo dõi thai có nguy cơ cao,Nguyễn Thị Hà
377,K'DIỄM,30,Nữ,"Thôn Chi Rông, Xã Đức Trọng, , Tỉnh Lâm Đồng",02/12/2025 10:15:00 AM,02/12/2025,10:15:00,AM,Thứ Ba,Đúng giờ,Khoa CSSKSS & Phụ Sản,Theo dõi thai có nguy cơ cao,Nguyễn Thị Hà
378,NGUYỄN THỊ KIM LONG,36,Nữ,"Thôn Xuân Hoà, Xã Quế Phước, , Thành phố Đà Nẵng",02/12/2025 9:59:00 AM,02/12/2025,09:59:00,AM,Thứ Ba,Đúng giờ,Khoa CSSKSS & Phụ Sản,Theo dõi thai bình thường,Nguyễn Thị Hà
379,KA MAY,19,Nữ,"Đăng Srõn, Xã Ninh Gia, , Tỉnh Lâm Đồng",02/12/2025 5:34:00 PM,02/12/2025,05:34:00,PM,Thứ Ba,Ngoài giờ,Khoa CSSKSS & Phụ Sản,Sẩy thai tự nhiên,Nguyễn Thị Hà
380,KON SƠ K' HANH,19,Nữ,"Tơ Mrang, Xã Tà Năng, , Tỉnh Lâm Đồng",04/12/2025 9:04:00 AM,04/12/2025,09:04:00,AM,Thứ Năm,Đúng giờ,Khoa CSSKSS & Phụ Sản,Theo dõi thai có nguy cơ cao,Nguyễn Thị Hà
381,TRẦN VŨ TÙNG VÂN,33,Nữ,"Thôn 21, Xã Đức Trọng, , Tỉnh Lâm Đồng",04/12/2025 8:44:00 AM,04/12/2025,08:44:00,AM,Thứ Năm,Đúng giờ,Khoa CSSKSS & Phụ Sản,Theo dõi thai có nguy cơ cao,Nguyễn Thị Hà
382,NGUYỄN TRANG NHÃ,20,Nữ,"thôn 29 , Xã Đức Trọng, , Tỉnh Lâm Đồng",04/12/2025 11:12:00 AM,04/12/2025,11:12:00,AM,Thứ Năm,Đúng giờ,Khoa CSSKSS & Phụ Sản,Theo dõi thai có nguy cơ cao,Nguyễn Thị Hà
383,K' RÔ BIN,20,Nữ,"Bia Ray, Xã Tân Hội, , Tỉnh Lâm Đồng",04/12/2025 11:23:00 AM,04/12/2025,11:23:00,AM,Thứ Năm,Đúng giờ,Khoa CSSKSS & Phụ Sản,Theo dõi thai bình thường,Nguyễn Thị Hà
384,LÝ THỊ NGỌC LINH,20,Nữ,"Số Nhà 197/4, Thôn Phú Lộc, Xã Đức Trọng, , Tỉnh Lâm Đồng",04/12/2025 1:55:00 PM,04/12/2025,01:55:00,PM,Thứ Năm,Đúng giờ,Khoa CSSKSS & Phụ Sản,Theo dõi thai bình thường,Nguyễn Thị Hà
385,MA Y,30,Nữ,"B Liang , Xã Tà Hine, , Tỉnh Lâm Đồng",05/12/2025 12:19:00 AM,05/12/2025,12:19:00,AM,Thứ Sáu,Đúng giờ,Khoa CSSKSS & Phụ Sản,Theo dõi thai bình thường,Nguyễn Thị Hà
386,BƠ NAH RIA TRÂN,20,Nữ,"Ha Wai, Xã Đơn Dương, , Tỉnh Lâm Đồng",05/12/2025 3:31:00 AM,05/12/2025,03:31:00,AM,Thứ Sáu,Ngoài giờ,Khoa CSSKSS & Phụ Sản,Theo dõi thai bình thường,Nguyễn Thị Hà
387,LIÊNG HÓT K' NGHIÊM,1,Nữ,"Xã Đức Trọng, , Tỉnh Lâm Đồng",06/12/2025 2:41:00 PM,06/12/2025,02:41:00,PM,Thứ Bảy,Đúng giờ,Khoa CSSKSS & Phụ Sản,Nhiễm khuẩn của trẻ sơ sinh,Nguyễn Thị Hà
388,TRẦN THỊ XUYÊN,39,Nữ,"Thôn 6, Xã Nam Ban Lâm Hà, , Tỉnh Lâm Đồng",08/12/2025 8:55:00 AM,08/12/2025,08:55:00,AM,Thứ Hai,Đúng giờ,Khoa CSSKSS & Phụ Sản,Theo dõi thai bình thường,Nguyễn Thị Hà
389,KA DUNG,25,Nữ,"Thôn Ninh Thiện, Xã Ninh Gia, , Tỉnh Lâm Đồng",08/12/2025 10:57:00 AM,08/12/2025,10:57:00,AM,Thứ Hai,Đúng giờ,Khoa CSSKSS & Phụ Sản,Theo dõi thai bình thường,Nguyễn Thị Hà
390,HỨA THỊ HỒNG PHÚC,22,Nữ,"Tam bố , Xã Gia Hiệp, , Tỉnh Lâm Đồng",08/12/2025 9:53:00 AM,08/12/2025,09:53:00,AM,Thứ Hai,Đúng giờ,Khoa CSSKSS & Phụ Sản,Theo dõi thai có nguy cơ cao,Nguyễn Thị Hà
391,KA SÁO,40,Nữ,"Thôn Suối Thông À, Xã Đơn Dương, , Tỉnh Lâm Đồng",08/12/2025 10:28:00 AM,08/12/2025,10:28:00,AM,Thứ Hai,Đúng giờ,Khoa CSSKSS & Phụ Sản,Theo dõi thai có nguy cơ cao,Nguyễn Thị Hà
392,MA DIẾU,40,Nữ,"Đoàn Kết, Xã Tà Năng, , Tỉnh Lâm Đồng",08/12/2025 4:25:00 PM,08/12/2025,04:25:00,PM,Thứ Hai,Đúng giờ,Khoa CSSKSS & Phụ Sản,Theo dõi thai có nguy cơ cao,Nguyễn Thị Hà
393,KON SA K' SƯƠNG,30,Nữ,"Số nhà 100, Thôn Yang Ly, Xã Tân Hội, , Tỉnh Lâm Đồng",11/12/2025 3:55:00 PM,11/12/2025,03:55:00,PM,Thứ Năm,Đúng giờ,Khoa CSSKSS & Phụ Sản,Theo dõi thai bình thường,Nguyễn Thị Hà
394,NGUYỄN THỊ HỒNG,26,Nữ,"Tân Hoà, Phường Trà Vinh, , Tỉnh Vĩnh Long",12/12/2025 7:34:00 AM,12/12/2025,07:34:00,AM,Thứ Sáu,Đúng giờ,Khoa CSSKSS & Phụ Sản,Theo dõi thai có nguy cơ cao,Nguyễn Thị Hà
395,NGUYỄN NGỌC TRANG,31,Nữ,"Thôn 5, Xã Gia Hiệp, , Tỉnh Lâm Đồng",12/12/2025 10:11:00 AM,12/12/2025,10:11:00,AM,Thứ Sáu,Đúng giờ,Khoa CSSKSS & Phụ Sản,Sẩy thai tự nhiên,Nguyễn Thị Hà
396,NGUYỄN THỊ THANH THƯƠNG,26,Nữ,"Trung Ninh, Xã Tà Hine, , Tỉnh Lâm Đồng",12/12/2025 10:34:00 AM,12/12/2025,10:34:00,AM,Thứ Sáu,Đúng giờ,Khoa CSSKSS & Phụ Sản,Theo dõi thai bình thường,Nguyễn Thị Hà
397,K' QUYÊN,21,Nữ,"Thôn Bia Ray, Xã Tân Hội, , Tỉnh Lâm Đồng",12/12/2025 4:33:00 PM,12/12/2025,04:33:00,PM,Thứ Sáu,Đúng giờ,Khoa CSSKSS & Phụ Sản,Theo dõi thai bình thường,Nguyễn Thị Hà
398,NGUYỄN THỊ THANH THẢO,18,Nữ,"Hùng Hưng, Xã Tà Hine, , Tỉnh Lâm Đồng",13/12/2025 7:58:00 AM,13/12/2025,07:58:00,AM,Thứ Bảy,Đúng giờ,Khoa CSSKSS & Phụ Sản,Theo dõi thai bình thường,Nguyễn Thị Hà
399,MA MAI,30,Nữ,"Thôn K' Nai, Xã Đức Trọng, , Tỉnh Lâm Đồng",13/12/2025 8:44:00 AM,13/12/2025,08:44:00,AM,Thứ Bảy,Đúng giờ,Khoa CSSKSS & Phụ Sản,Theo dõi thai bình thường,Nguyễn Thị Hà
400,DƠNG GUR K' HUYÊN,26,Nữ,"R chai 1, Xã Đức Trọng, , Tỉnh Lâm Đồng",13/12/2025 10:15:00 AM,13/12/2025,10:15:00,AM,Thứ Bảy,Đúng giờ,Khoa CSSKSS & Phụ Sản,Theo dõi thai có nguy cơ cao,Nguyễn Thị Hà
401,MA HIẾU,34,Nữ,"Klong Bong, Xã Tà Năng, , Tỉnh Lâm Đồng",13/12/2025 10:47:00 AM,13/12/2025,10:47:00,AM,Thứ Bảy,Đúng giờ,Khoa CSSKSS & Phụ Sản,Theo dõi thai bình thường,Nguyễn Thị Hà
402,NGÔ NHÀN YẾN,33,Nữ,"Phú hoà , Xã Đức Trọng, , Tỉnh Lâm Đồng",13/12/2025 11:09:00 AM,13/12/2025,11:09:00,AM,Thứ Bảy,Đúng giờ,Khoa CSSKSS & Phụ Sản,Theo dõi thai bình thường,Nguyễn Thị Hà
403,ĐỖ THỊ HƯƠNG,28,Nữ,"Xã Hiệp Thạnh, , Tỉnh Lâm Đồng",13/12/2025 4:37:00 PM,13/12/2025,04:37:00,PM,Thứ Bảy,Đúng giờ,Khoa CSSKSS & Phụ Sản,Theo dõi thai có nguy cơ cao,Nguyễn Thị Hà
404,SƠ AO K' BONG,23,Nữ,"R chai 1, Xã Đức Trọng, , Tỉnh Lâm Đồng",13/12/2025 5:41:00 PM,13/12/2025,05:41:00,PM,Thứ Bảy,Ngoài giờ,Khoa CSSKSS & Phụ Sản,Theo dõi thai bình thường,Nguyễn Thị Hà
405,NGUYỄN HỒNG NGỌC THẮM,33,Nữ,"Phú Thịnh , Xã Đức Trọng, , Tỉnh Lâm Đồng",13/12/2025 8:45:00 PM,13/12/2025,08:45:00,PM,Thứ Bảy,Ngoài giờ,Khoa CSSKSS & Phụ Sản,Theo dõi thai bình thường,Nguyễn Thị Hà
406,BÙI THỊ MẾN,33,Nữ,"Thôn 19 , Xã Đức Trọng, , Tỉnh Lâm Đồng",14/12/2025 12:04:00 AM,14/12/2025,12:04:00,AM,Chủ Nhật,Đúng giờ,Khoa CSSKSS & Phụ Sản,Theo dõi thai bình thường,Nguyễn Thị Hà
407,KA SĂ K' RÍP,34,Nữ,"K' nai , Xã Đức Trọng, , Tỉnh Lâm Đồng",14/12/2025 5:10:00 AM,14/12/2025,05:10:00,AM,Chủ Nhật,Ngoài giờ,Khoa CSSKSS & Phụ Sản,Theo dõi thai bình thường,Nguyễn Thị Hà
408,PHẠM THỊ KIM TRÚC,22,Nữ,"Thôn Kim Phát, Xã Đinh Văn Lâm Hà, , Tỉnh Lâm Đồng",14/12/2025 5:47:00 AM,14/12/2025,05:47:00,AM,Chủ Nhật,Ngoài giờ,Khoa CSSKSS & Phụ Sản,Theo dõi thai bình thường,Nguyễn Thị Hà
409,TRẦN THỊ LIÊN,36,Nữ,"thôn 34, Xã Đức Trọng, , Tỉnh Lâm Đồng",14/12/2025 4:35:00 PM,14/12/2025,04:35:00,PM,Chủ Nhật,Đúng giờ,Khoa CSSKSS & Phụ Sản,Theo dõi thai có nguy cơ cao,Nguyễn Thị Hà
410,K'SUNG,20,Nữ,"Thôn Đara Hoa, Xã Hiệp Thạnh, , Tỉnh Lâm Đồng",15/12/2025 9:13:00 AM,15/12/2025,09:13:00,AM,Thứ Hai,Đúng giờ,Khoa CSSKSS & Phụ Sản,Theo dõi thai bình thường,Nguyễn Thị Hà
411,KA LĂN,29,Nữ,"Đa Ra Hoa, Xã Hiệp Thạnh, , Tỉnh Lâm Đồng",16/12/2025 8:25:00 AM,16/12/2025,08:25:00,AM,Thứ Ba,Đúng giờ,Khoa CSSKSS & Phụ Sản,Theo dõi thai bình thường,Nguyễn Thị Hà
412,NGÔ THỊ THU THỦY,35,Nữ,"Thôn 1, Xã Nam Ban Lâm Hà, , Tỉnh Lâm Đồng",16/12/2025 9:40:00 AM,16/12/2025,09:40:00,AM,Thứ Ba,Đúng giờ,Khoa CSSKSS & Phụ Sản,Theo dõi thai có nguy cơ cao,Nguyễn Thị Hà
413,TOU PRONG K' NIA,20,Nữ,"Thôn Ma Sa Ra, Xã Tà Năng, , Tỉnh Lâm Đồng",16/12/2025 10:36:00 AM,16/12/2025,10:36:00,AM,Thứ Ba,Đúng giờ,Khoa CSSKSS & Phụ Sản,Theo dõi thai có nguy cơ cao,Nguyễn Thị Hà
414,JƠ LƠNG NAI VI,27,Nữ,"Thôn Makir, Xã Tà Năng, , Tỉnh Lâm Đồng",16/12/2025 10:54:00 AM,16/12/2025,10:54:00,AM,Thứ Ba,Đúng giờ,Khoa CSSKSS & Phụ Sản,Theo dõi thai có nguy cơ cao,Nguyễn Thị Hà
415,NGUYỄN THỊ HUỆ,40,Nữ,"Tân Đà, Xã Tân Hội, , Tỉnh Lâm Đồng",16/12/2025 10:13:00 AM,16/12/2025,10:13:00,AM,Thứ Ba,Đúng giờ,Khoa CSSKSS & Phụ Sản,Thai chết vì nguyên nhân không được định rõ,Nguyễn Thị Hà
416,SƠ AO K' LÊ A,28,Nữ,"Đà G riềng, Xã Tà Hine, , Tỉnh Lâm Đồng",16/12/2025 11:11:00 AM,16/12/2025,11:11:00,AM,Thứ Ba,Đúng giờ,Khoa CSSKSS & Phụ Sản,Theo dõi thai bình thường,Nguyễn Thị Hà
417,VŨ THỊ LƯƠNG,29,Nữ,"Đà Thuận, Xã Tà Hine, , Tỉnh Lâm Đồng",16/12/2025 2:04:00 PM,16/12/2025,02:04:00,PM,Thứ Ba,Đúng giờ,Khoa CSSKSS & Phụ Sản,Theo dõi thai có nguy cơ cao,Nguyễn Thị Hà
418,NGUYỄN HUYỀN TRANG,23,Nữ,"Thôn 4, Xã Đam Rông 2, , Tỉnh Lâm Đồng",16/12/2025 2:16:00 PM,16/12/2025,02:16:00,PM,Thứ Ba,Đúng giờ,Khoa CSSKSS & Phụ Sản,Theo dõi thai bình thường,Nguyễn Thị Hà
419,KA HUÂN,25,Nữ,"Thôn Đăng Srõn, Xã Ninh Gia, , Tỉnh Lâm Đồng",16/12/2025 3:45:00 PM,16/12/2025,03:45:00,PM,Thứ Ba,Đúng giờ,Khoa CSSKSS & Phụ Sản,Theo dõi thai có nguy cơ cao,Nguyễn Thị Hà
420,PHAN THỊ THANH NGA,27,Nữ,"Thôn 25 , Xã Đức Trọng, , Tỉnh Lâm Đồng",16/12/2025 4:15:00 PM,16/12/2025,04:15:00,PM,Thứ Ba,Đúng giờ,Khoa CSSKSS & Phụ Sản,Theo dõi thai bình thường,Nguyễn Thị Hà
421,KA HỮU,18,Nữ,"Thôn 6, Xã Gia Hiệp, , Tỉnh Lâm Đồng",16/12/2025 6:36:00 PM,16/12/2025,06:36:00,PM,Thứ Ba,Ngoài giờ,Khoa CSSKSS & Phụ Sản,Theo dõi thai bình thường,Nguyễn Thị Hà
422,K'NẾP,19,Nữ,"Đarahoa, Xã Hiệp Thạnh, , Tỉnh Lâm Đồng",17/12/2025 6:44:00 AM,17/12/2025,06:44:00,AM,Thứ Tư,Ngoài giờ,Khoa CSSKSS & Phụ Sản,Theo dõi thai bình thường,Nguyễn Thị Hà
423,KLONG RE HƯN,18,Nữ,"Thôn R' Chai 2, Xã Đức Trọng, , Tỉnh Lâm Đồng",18/12/2025 10:16:00 AM,18/12/2025,10:16:00,AM,Thứ Năm,Đúng giờ,Khoa CSSKSS & Phụ Sản,Theo dõi thai bình thường,Nguyễn Thị Hà
424,DRỌT MA TUYẾN,29,Nữ,"Tà In, Xã Tà Hine, , Tỉnh Lâm Đồng",19/12/2025 1:44:00 PM,19/12/2025,01:44:00,PM,Thứ Sáu,Đúng giờ,Khoa CSSKSS & Phụ Sản,Theo dõi thai bình thường,Nguyễn Thị Hà
425,MA NHẤT,24,Nữ,"Klong Bong, Xã Tà Năng, , Tỉnh Lâm Đồng",19/12/2025 11:48:00 PM,19/12/2025,11:48:00,PM,Thứ Sáu,Ngoài giờ,Khoa CSSKSS & Phụ Sản,Theo dõi thai bình thường,Nguyễn Thị Hà
426,VŨ THỊ THANH PHƯƠNG,33,Nữ,"Thôn 24, Xã Đức Trọng, , Tỉnh Lâm Đồng",20/12/2025 12:56:00 AM,20/12/2025,12:56:00,AM,Thứ Bảy,Ngoài giờ,Khoa CSSKSS & Phụ Sản,Theo dõi thai bình thường,Nguyễn Thị Hà
427,NGUYỄN NGỌC TRANG,25,Nữ,"Kinh Tế Mới , Xã Ninh Gia, , Tỉnh Lâm Đồng",21/12/2025 9:53:00 AM,21/12/2025,09:53:00,AM,Chủ Nhật,Đúng giờ,Khoa CSSKSS & Phụ Sản,Theo dõi thai có nguy cơ cao,Nguyễn Thị Hà
428,LÊ THỊ THÙY TRANG,31,Nữ,"Khu phố 10, Phường Ninh Chử, , Tỉnh Khánh Hòa",21/12/2025 11:24:00 AM,21/12/2025,11:24:00,AM,Chủ Nhật,Đúng giờ,Khoa CSSKSS & Phụ Sản,Theo dõi thai bình thường,Nguyễn Thị Hà
429,VÕ TRẦN MỸ HOA,1,Nam,"trung hiệp, Xã Hiệp Thạnh, , Tỉnh Lâm Đồng",21/12/2025 12:14:00 PM,21/12/2025,12:14:00,PM,Chủ Nhật,Ngoài giờ,Khoa CSSKSS & Phụ Sản,,Nguyễn Thị Hà
430,VY THỊ CHÚC HÒA,27,Nữ,"Thôn 19., Xã Đức Trọng, , Tỉnh Lâm Đồng",21/12/2025 2:42:00 PM,21/12/2025,02:42:00,PM,Chủ Nhật,Đúng giờ,Khoa CSSKSS & Phụ Sản,Theo dõi thai có nguy cơ cao,Nguyễn Thị Hà
431,PHAN THỊ MỸ TÂM,24,Nữ,"49/10, Phú Thịnh , Xã Đức Trọng, , Tỉnh Lâm Đồng",21/12/2025 4:31:00 PM,21/12/2025,04:31:00,PM,Chủ Nhật,Đúng giờ,Khoa CSSKSS & Phụ Sản,Theo dõi thai có nguy cơ cao,Nguyễn Thị Hà
432,TRẦN THỊ TRANG,37,Nữ,"Tổ 4, Xã Đức Trọng, , Tỉnh Lâm Đồng",21/12/2025 10:06:00 PM,21/12/2025,10:06:00,PM,Chủ Nhật,Ngoài giờ,Khoa CSSKSS & Phụ Sản,Vết thương hở của âm đạo và âm hộ,Nguyễn Thị Hà
433,TRẦN THỊ MỸ DUNG,29,Nữ,"Thôn 33, Xã Đức Trọng, , Tỉnh Lâm Đồng",29/12/2025 7:59:00 PM,29/12/2025,07:59:00,PM,Thứ Hai,Ngoài giờ,Khoa CSSKSS & Phụ Sản,Theo dõi thai bình thường,Nguyễn Thị Hà
434,ỪNG CHÁNH PHÙNG,33,Nữ,"thôn 16, Xã Đức Trọng, , Tỉnh Lâm Đồng",30/12/2025 4:42:00 AM,30/12/2025,04:42:00,AM,Thứ Ba,Ngoài giờ,Khoa CSSKSS & Phụ Sản,Đẻ thường một thai,Nguyễn Thị Hà
435,CIL MÚP RIC CHAN,24,Nữ,"Yang Ly , Xã Tân Hội, , Tỉnh Lâm Đồng",31/12/2025 8:42:00 AM,31/12/2025,08:42:00,AM,Thứ Tư,Đúng giờ,Khoa CSSKSS & Phụ Sản,Theo dõi thai bình thường,Nguyễn Thị Hà
436,SƠ AO NÊ AN,19,Nữ,"R Chai 2, Xã Đức Trọng, , Tỉnh Lâm Đồng",31/12/2025 11:14:00 AM,31/12/2025,11:14:00,AM,Thứ Tư,Đúng giờ,Khoa CSSKSS & Phụ Sản,Theo dõi thai bình thường,Nguyễn Thị Hà
437,TRỊNH THỊ XUÂN ĐÀO,32,Nữ,"Nghĩa Hiệp, Xã Hiệp Thạnh, , Tỉnh Lâm Đồng",31/12/2025 1:40:00 PM,31/12/2025,01:40:00,PM,Thứ Tư,Đúng giờ,Khoa CSSKSS & Phụ Sản,Theo dõi thai bình thường,Nguyễn Thị Hà
438,HUỲNH THỊ LỘC,69,Nữ,"Quảng Hiệp, Xã Hiệp Thạnh, , Tỉnh Lâm Đồng",01/12/2025 2:30:00 PM,01/12/2025,02:30:00,PM,Thứ Hai,Đúng giờ,Khoa Nội,Bệnh đái tháo đường không phụ thuộc insuline,Phạm Mỹ Linh
439,TRẦN THỊ TÉP,89,Nữ,"Xã Hiệp Thạnh, , Tỉnh Lâm Đồng",02/12/2025 9:35:00 AM,02/12/2025,09:35:00,AM,Thứ Ba,Đúng giờ,Khoa Nội,Hen [suyễn],Phạm Mỹ Linh
440,NGUYỄN VĂN HÒA,75,Nam,"Hùng Hưng, Xã Tà Hine, , Tỉnh Lâm Đồng",02/12/2025 11:10:00 AM,02/12/2025,11:10:00,AM,Thứ Ba,Đúng giờ,Khoa Nội,Bệnh phổi tắc nghẽn mãn tính đợt cấp do bội nhiễm,Phạm Mỹ Linh
441,NGUYỄN LÊ ANH KHÔI,4,Nam,"Xã Phước Hữu, , Tỉnh Khánh Hòa",05/12/2025 2:10:00 PM,05/12/2025,02:10:00,PM,Thứ Sáu,Đúng giờ,Khoa Nhi,Viêm amyđan cấp,Phạm Mỹ Linh
442,K' THUYẾT,28,Nữ,"237, Thôn Srê Đăng, Xã Tân Hội, , Tỉnh Lâm Đồng",05/12/2025 7:00:00 PM,05/12/2025,07:00:00,PM,Thứ Sáu,Ngoài giờ,Khoa Nội,Nhiễm trùng đường ruột do vi khuẩn khác,Phạm Mỹ Linh
443,LÊ ANH KHÔI,2,Nam,"Xã Tân Hội, , Tỉnh Lâm Đồng",05/12/2025 7:10:00 PM,05/12/2025,07:10:00,PM,Thứ Sáu,Ngoài giờ,Khoa Nhi,Viêm tiểu phế quản cấp,Phạm Mỹ Linh
444,CAO MINH PHÚ,5,Nam,"Xã Tân Hà Lâm Hà, , Tỉnh Lâm Đồng",05/12/2025 7:15:00 PM,05/12/2025,07:15:00,PM,Thứ Sáu,Ngoài giờ,Khoa Nhi,Viêm amyđan cấp,Phạm Mỹ Linh
445,HA HUYÊN,58,Nam,"R' Chai 3, Xã Đức Trọng, , Tỉnh Lâm Đồng",05/12/2025 9:35:00 PM,05/12/2025,09:35:00,PM,Thứ Sáu,Ngoài giờ,Khoa Nội,Rối loạn chức năng tiền đình,Phạm Mỹ Linh
446,HỒ QUỐC NAM,39,Nam,"26 An Ninh, Xã Hiệp Thạnh, , Tỉnh Lâm Đồng",05/12/2025 9:20:00 PM,05/12/2025,09:20:00,PM,Thứ Sáu,Ngoài giờ,Khoa Nội,Nhiễm trùng đường ruột do vi khuẩn khác,Phạm Mỹ Linh
447,K' LÌN,24,Nam,"Xóm 3, Thôn 9, Xã Di Linh, , Tỉnh Lâm Đồng",05/12/2025 10:45:00 PM,05/12/2025,10:45:00,PM,Thứ Sáu,Ngoài giờ,Khoa Nội,Nhiễm trùng đường ruột do vi khuẩn khác,Phạm Mỹ Linh
448,MA NAI DIỆU,3,Nữ,"Xã Tà Hine, , Tỉnh Lâm Đồng",06/12/2025 2:15:00 AM,06/12/2025,02:15:00,AM,Thứ Bảy,Ngoài giờ,Khoa Nhi,Viêm amyđan cấp,Phạm Mỹ Linh
449,HÀ THỊ MỸ DUYÊN,28,Nữ,"Xã Đức Trọng, , Tỉnh Lâm Đồng",08/12/2025 3:00:00 PM,08/12/2025,03:00:00,PM,Thứ Hai,Đúng giờ,Khoa Nội,Sốt xuất huyết Dengue,Phạm Mỹ Linh
450,TRẦN THỊ LÃNH,52,Nữ,"Thôn Mai Lãnh, Xã Hồng Thái, , Tỉnh Lâm Đồng",09/12/2025 10:20:00 AM,09/12/2025,10:20:00,AM,Thứ Ba,Đúng giờ,Khoa Nội,Rối loạn chức năng tiền đình,Phạm Mỹ Linh
451,NGUYỄN THỊ XUÂN,66,Nữ,"Trung Hiệp, Xã Hiệp Thạnh, , Tỉnh Lâm Đồng",10/12/2025 8:35:00 AM,10/12/2025,08:35:00,AM,Thứ Tư,Đúng giờ,Khoa Nội,"Viêm phổi, tác nhân không xác định",Phạm Mỹ Linh
452,HOÀNG THỊ THÀNH,88,Nữ,"Xã Đức Thọ, , Tỉnh Hà Tĩnh",11/12/2025 12:20:00 PM,11/12/2025,12:20:00,PM,Thứ Năm,Ngoài giờ,Khoa Hồi sức tích cực,Các bệnh phổi tắc nghẽn mãn tính khác,Phạm Mỹ Linh
453,HOÀNG THỊ THÀNH,88,Nữ,"Xã Đức Thọ, , Tỉnh Hà Tĩnh",11/12/2025 12:20:00 PM,11/12/2025,12:20:00,PM,Thứ Năm,Ngoài giờ,Khoa Hồi sức tích cực,Suy hô hấp cấp,Phạm Mỹ Linh
454,YA THẨU,30,Nam,"Xã Tà Hine, , Tỉnh Lâm Đồng",11/12/2025 11:50:00 AM,11/12/2025,11:50:00,AM,Thứ Năm,Ngoài giờ,Khoa Ngoại - LCK,Tổn thương nông tại cổ chân và bàn chân,Phạm Mỹ Linh
455,PHẠM HỒNG NGỌC ANH,2,Nữ,"3/19 Quảng Hiệp, Xã Hiệp Thạnh, , Tỉnh Lâm Đồng",11/12/2025 5:40:00 PM,11/12/2025,05:40:00,PM,Thứ Năm,Ngoài giờ,Khoa Nhi,Viêm họng cấp,Phạm Mỹ Linh
456,JƠR LƠNG NGỌC HUYỀN,3,Nữ,"Xã Tà Năng, , Tỉnh Lâm Đồng",11/12/2025 6:00:00 PM,11/12/2025,06:00:00,PM,Thứ Năm,Ngoài giờ,Khoa Nhi,Nhiễm trùng đường ruột do vi khuẩn khác,Phạm Mỹ Linh
457,K' HIƠNG,87,Nam,"Xã Hiệp Thạnh, , Tỉnh Lâm Đồng",11/12/2025 8:00:00 PM,11/12/2025,08:00:00,PM,Thứ Năm,Ngoài giờ,Khoa Nội,"Viêm phổi, tác nhân không xác định",Phạm Mỹ Linh
458,K' MHAM,57,Nữ,"Số Nhà 376, Thôn R' Chai 2, Xã Đức Trọng, , Tỉnh Lâm Đồng",11/12/2025 8:05:00 PM,11/12/2025,08:05:00,PM,Thứ Năm,Ngoài giờ,Khoa Nội,Hen [suyễn],Phạm Mỹ Linh
459,CILL MÚP JU IN,17,Nữ,"Xã Đơn Dương, , Tỉnh Lâm Đồng",22/12/2025 9:10:00 AM,22/12/2025,09:10:00,AM,Thứ Hai,Đúng giờ,Khoa Ngoại - LCK,Vết thương hở tại cổ chân và bàn chân,Phạm Mỹ Linh
460,NGUYỄN THỊ SANH,63,Nữ,"., Xã Hiệp Thạnh, , Tỉnh Lâm Đồng",22/12/2025 9:30:00 AM,22/12/2025,09:30:00,AM,Thứ Hai,Đúng giờ,Khoa Nội,Viêm dạ dày khác,Phạm Mỹ Linh
461,NGUYỄN THỊ KIM LOAN,43,Nữ,"Xã Hiệp Thạnh, , Tỉnh Lâm Đồng",22/12/2025 8:45:00 AM,22/12/2025,08:45:00,AM,Thứ Hai,Đúng giờ,Khoa Ngoại - LCK,Viêm bao gân mỏm trâm quay [de Quervain],Phạm Mỹ Linh
462,LÊ THỊ THANH HẰNG,5,Nữ,"Phường Lâm Viên - Đà Lạt, , Tỉnh Lâm Đồng",22/12/2025 10:00:00 AM,22/12/2025,10:00:00,AM,Thứ Hai,Đúng giờ,Khoa Nhi,Viêm amyđan cấp,Phạm Mỹ Linh
463,LÊ ANH HUY,7,Nam,"52 Lý Nam Đế, Phường 8, Phường Lâm Viên - Đà Lạt, , Tỉnh Lâm Đồng",22/12/2025 9:55:00 AM,22/12/2025,09:55:00,AM,Thứ Hai,Đúng giờ,Khoa Nhi,Viêm amyđan cấp,Phạm Mỹ Linh
464,NGUYỄN HỮU THÍCH,84,Nam,"An Hiệp, Xã Hiệp Thạnh, , Tỉnh Lâm Đồng",22/12/2025 12:35:00 PM,22/12/2025,12:35:00,PM,Thứ Hai,Ngoài giờ,Khoa Hồi sức tích cực,Ngộ độc chất ăn mòn,Phạm Mỹ Linh
465,K' TUYNH,34,Nam,"Số Nhà 96, Thôn Yang Ly, Xã Tân Hội, , Tỉnh Lâm Đồng",22/12/2025 2:30:00 PM,22/12/2025,02:30:00,PM,Thứ Hai,Đúng giờ,Khoa Ngoại - LCK,Tổn thương nông ở đầu,Phạm Mỹ Linh
466,TRẦN THỊ SƠN,45,Nữ,"Thôn Suối Thông C1, Xã Đơn Dương, , Tỉnh Lâm Đồng",22/12/2025 6:05:00 PM,22/12/2025,06:05:00,PM,Thứ Hai,Ngoài giờ,Khoa Nội,Rối loạn chức năng tiền đình,Phạm Mỹ Linh
467,KON SƠ HA THÂM,44,Nam,"Đa Hoa, Xã Đơn Dương, , Tỉnh Lâm Đồng",22/12/2025 5:50:00 PM,22/12/2025,05:50:00,PM,Thứ Hai,Ngoài giờ,Khoa Nội,Bệnh lý tăng huyết áp,Phạm Mỹ Linh
468,NGUYỄN THÁI KHANG,8,Nam,"Thôn 11   , Xã Buôn Đôn, , Tỉnh Đắk Lắk",22/12/2025 10:40:00 PM,22/12/2025,10:40:00,PM,Thứ Hai,Ngoài giờ,Khoa Nhi,Hen [suyễn],Phạm Mỹ Linh
469,MĂNG THỊ QUÊN,36,Nữ,"Xã Đức Trọng, , Tỉnh Lâm Đồng",22/12/2025 11:55:00 PM,22/12/2025,11:55:00,PM,Thứ Hai,Ngoài giờ,Khoa CSSKSS & Phụ Sản,Theo dõi thai có nguy cơ cao,Phạm Mỹ Linh
470,KON SƠ K' LY SAM,1,Nữ,"Xã Đức Trọng, , Tỉnh Lâm Đồng",23/12/2025 6:40:00 AM,23/12/2025,06:40:00,AM,Thứ Ba,Ngoài giờ,Khoa Nhi,Viêm họng cấp,Phạm Mỹ Linh
471,LƠ MU K' THỦY,66,Nữ,"R' Chai 2, Xã Tân Hội, , Tỉnh Lâm Đồng",26/12/2025 11:00:00 AM,26/12/2025,11:00:00,AM,Thứ Sáu,Đúng giờ,Khoa Nội,"Viêm phổi, tác nhân không xác định",Phạm Mỹ Linh
472,TRẦN THỊ HƯƠNG,75,Nữ,"Xã Hương Bình, , Tỉnh Hà Tĩnh",29/12/2025 3:20:00 PM,29/12/2025,03:20:00,PM,Thứ Hai,Đúng giờ,Khoa Hồi sức tích cực,"Viêm phổi do vi khuẩn, chưa được phân loại nơi khác",Phạm Mỹ Linh
473,NGUYỄN THỊ PHƯƠNG,76,Nữ,"Hiệp Thành 2, Xã Gia Hiệp, , Tỉnh Lâm Đồng",30/12/2025 9:50:00 AM,30/12/2025,09:50:00,AM,Thứ Ba,Đúng giờ,Khoa Nội,Mày đay,Phạm Mỹ Linh
474,NGUYỄN HẢI MINH,76,Nam,"Xã Đức Trọng, , Tỉnh Lâm Đồng",31/12/2025 8:50:00 AM,31/12/2025,08:50:00,AM,Thứ Tư,Đúng giờ,Khoa Nội,Hen [suyễn],Phạm Mỹ Linh
475,YA KĂNG,68,Nam,"Ma Am, Xã Tà Hine, , Tỉnh Lâm Đồng",01/12/2025 1:00:00 PM,01/12/2025,01:00:00,PM,Thứ Hai,Ngoài giờ,Khoa Nội,"Viêm phế quản phổi, không đặc hiệu",Phạm Quang Anh
476,BÙI THỊ ĐÔNG,81,Nữ,"Xã Đức Trọng, , Tỉnh Lâm Đồng",01/12/2025 12:45:00 PM,01/12/2025,12:45:00,PM,Thứ Hai,Ngoài giờ,Khoa Nội,Rối loạn chức năng tiền đình,Phạm Quang Anh
477,VÒNG MINH HIẾU,6,Nam,"Xã Hiệp Thạnh, , Tỉnh Lâm Đồng",01/12/2025 12:50:00 PM,01/12/2025,12:50:00,PM,Thứ Hai,Ngoài giờ,Khoa Nhi,Viêm phế quản cấp,Phạm Quang Anh
478,LÊ THỊ GẤM,71,Nữ,"Phường Nam Nha Trang, , Tỉnh Khánh Hòa",01/12/2025 9:10:00 PM,01/12/2025,09:10:00,PM,Thứ Hai,Ngoài giờ,Khoa Nội,Viêm xoang cấp,Phạm Quang Anh
479,K' RY NIÊ,6,Nữ,"Thôn Tà Hine, Xã Tà Hine, , Tỉnh Lâm Đồng",01/12/2025 9:30:00 PM,01/12/2025,09:30:00,PM,Thứ Hai,Ngoài giờ,Khoa Nhi,Viêm amyđan cấp,Phạm Quang Anh
480,ĐẶNG NGỌC PHƯƠNG LINH,1,Nam,"Xã Đức Trọng, , Tỉnh Lâm Đồng",01/12/2025 9:00:00 PM,01/12/2025,09:00:00,PM,Thứ Hai,Ngoài giờ,Khoa Nhi,"Viêm phổi, tác nhân không xác định",Phạm Quang Anh
481,HUỲNH DO THÁI EM,22,Nam,"Xã Hiệp Thạnh, , Tỉnh Lâm Đồng",01/12/2025 9:20:00 PM,01/12/2025,09:20:00,PM,Thứ Hai,Ngoài giờ,Khoa Ngoại - LCK,Đa vết thương hở chưa xác định,Phạm Quang Anh
482,KA SĂ HA KHUYÊN,52,Nam,"Xã Tà Năng, , Tỉnh Lâm Đồng",01/12/2025 10:45:00 PM,01/12/2025,10:45:00,PM,Thứ Hai,Ngoài giờ,Khoa Ngoại - LCK,"Áp xe da, nhọt, cụm nhọt ở mông",Phạm Quang Anh
483,LÊ ĐĂNG TUẤN,39,Nam,"Đường Hai Tháng Tư, Tổ 04, Xã Đức Trọng, , Tỉnh Lâm Đồng",01/12/2025 11:30:00 PM,01/12/2025,11:30:00,PM,Thứ Hai,Ngoài giờ,Khoa Ngoại - LCK,Nhiễm trùng khác,Phạm Quang Anh
484,VŨ TRỌNG TIẾN,51,Nam,"Tổ 12, Thôn Bắc Hội, Xã Hiệp Thạnh, , Tỉnh Lâm Đồng",02/12/2025 12:10:00 AM,02/12/2025,12:10:00,AM,Thứ Ba,Đúng giờ,Khoa Nội,"Viêm phổi khác, không xác định vi sinh vật",Phạm Quang Anh
485,HOÀNG THỊNH,4,Nam,"Thôn Phi Nôm, Xã Hiệp Thạnh, , Tỉnh Lâm Đồng",02/12/2025 5:05:00 AM,02/12/2025,05:05:00,AM,Thứ Ba,Ngoài giờ,Khoa Nhi,"Viêm phổi khác, không xác định vi sinh vật",Phạm Quang Anh
486,LÊ VĂN ĐỦ,59,Nam,"Lạc Nghiệp, Xã Đức Trọng, , Tỉnh Lâm Đồng",08/12/2025 12:30:00 PM,08/12/2025,12:30:00,PM,Thứ Hai,Ngoài giờ,Khoa Hồi sức tích cực,"Viêm phổi khác, không xác định vi sinh vật",Phạm Quang Anh
487,NGUYỄN THỊ THẮNG,61,Nữ,"Xã Hiệp Thạnh, , Tỉnh Lâm Đồng",08/12/2025 1:30:00 PM,08/12/2025,01:30:00,PM,Thứ Hai,Đúng giờ,Khoa Nội,Rối loạn chức năng tiền đình,Phạm Quang Anh
488,NGUYỄN HỮU BẢO TUẤN,40,Nam,"Thôn Phú Hòa, Xã Đức Trọng, , Tỉnh Lâm Đồng",08/12/2025 6:25:00 PM,08/12/2025,06:25:00,PM,Thứ Hai,Ngoài giờ,Khoa Ngoại - LCK,Tổn thương nông tại cổ chân và bàn chân,Phạm Quang Anh
489,TRẦN THỊ HƯỜNG,57,Nữ,"Xã Hiệp Thạnh, , Tỉnh Lâm Đồng",08/12/2025 6:30:00 PM,08/12/2025,06:30:00,PM,Thứ Hai,Ngoài giờ,Khoa Ngoại - LCK,"Tổn thương nông của bụng, lưng dưới và chậu hông",Phạm Quang Anh
490,K' PÊC,37,Nữ,"Tổ 4, Thôn Gan Reo, Xã Hiệp Thạnh, , Tỉnh Lâm Đồng",08/12/2025 7:00:00 PM,08/12/2025,07:00:00,PM,Thứ Hai,Ngoài giờ,Khoa Ngoại - LCK,Viêm ruột thừa cấp,Phạm Quang Anh
491,LƯƠNG THỊ BÍCH,39,Nữ,"Thôn Ninh Thái, Xã Tà Hine, , Tỉnh Lâm Đồng",08/12/2025 6:20:00 PM,08/12/2025,06:20:00,PM,Thứ Hai,Ngoài giờ,Khoa Hồi sức tích cực,Nhiễm độc Nọc độc rắn,Phạm Quang Anh
492,LƠ MU K' LANH,2,Nam,"Xã Đức Trọng, , Tỉnh Lâm Đồng",08/12/2025 7:25:00 PM,08/12/2025,07:25:00,PM,Thứ Hai,Ngoài giờ,Khoa Nhi,Viêm tiểu phế quản cấp,Phạm Quang Anh
493,QUẢNG THỊ THANH SƯƠNG,52,Nữ,"Xã Đức Trọng, , Tỉnh Lâm Đồng",08/12/2025 8:40:00 PM,08/12/2025,08:40:00,PM,Thứ Hai,Ngoài giờ,Khoa Hồi sức tích cực,"Viêm phổi, tác nhân không xác định",Phạm Quang Anh
494,K' NHÂN,55,Nữ,"Chi Rông, Xã Đức Trọng, , Tỉnh Lâm Đồng",08/12/2025 9:00:00 PM,08/12/2025,09:00:00,PM,Thứ Hai,Ngoài giờ,Khoa Nội,Rối loạn chức năng tiền đình,Phạm Quang Anh
495,PHẠM VĂN HÙNG,9,Nam,"Tổ 15, Xã Đức Trọng, , Tỉnh Lâm Đồng",08/12/2025 9:10:00 PM,08/12/2025,09:10:00,PM,Thứ Hai,Ngoài giờ,Khoa Nhi,"Viêm phổi khác, không xác định vi sinh vật",Phạm Quang Anh
496,BÁ HOÀNG NGỌC NHIÊN,2,Nữ,"Xã Chư Pưh, , Tỉnh Gia Lai",08/12/2025 9:05:00 PM,08/12/2025,09:05:00,PM,Thứ Hai,Ngoài giờ,Khoa Nhi,Viêm họng có phỏng nước do virus đường ruột với phát ban,Phạm Quang Anh
497,CIL PAM HẢI NAM,16,Nam,"Lạch Tông, Xã Tân Hội, , Tỉnh Lâm Đồng",08/12/2025 9:45:00 PM,08/12/2025,09:45:00,PM,Thứ Hai,Ngoài giờ,Khoa Ngoại - LCK,Gãy xương tại cẳng chân,Phạm Quang Anh
498,KA TI NÔ,2,Nam,"Thôn Đăng Srõn, Xã Ninh Gia, , Tỉnh Lâm Đồng",08/12/2025 9:50:00 PM,08/12/2025,09:50:00,PM,Thứ Hai,Ngoài giờ,Khoa Nhi,Nhiễm trùng đường ruột do vi khuẩn khác,Phạm Quang Anh
499,NGUYỄN MINH ĐỨC,65,Nam,"Xã Đức Trọng, , Tỉnh Lâm Đồng",08/12/2025 10:20:00 PM,08/12/2025,10:20:00,PM,Thứ Hai,Ngoài giờ,Khoa Hồi sức tích cực,Bệnh phổi tắc nghẽn mãn tính đợt cấp do bội nhiễm,Phạm Quang Anh
500,TRƯƠNG THỊ BÍCH LOAN,33,Nữ,"Phường Long Phú, , Tỉnh An Giang",08/12/2025 11:00:00 PM,08/12/2025,11:00:00,PM,Thứ Hai,Ngoài giờ,Khoa Hồi sức tích cực,Nhiễm độc Nọc độc của các tiết túc khác,Phạm Quang Anh
501,TRƯƠNG THỊ HẤN,36,Nữ,"Thôn Đa Hoa, Xã Đơn Dương, , Tỉnh Lâm Đồng",08/12/2025 11:05:00 PM,08/12/2025,11:05:00,PM,Thứ Hai,Ngoài giờ,Khoa Ngoại - LCK,Tổn thương của lồng ngực,Phạm Quang Anh
502,PHẠM THỊ ÁNH,52,Nữ,"tổ 28, Xã Đức Trọng, , Tỉnh Lâm Đồng",08/12/2025 11:10:00 PM,08/12/2025,11:10:00,PM,Thứ Hai,Ngoài giờ,Khoa Nội,Bệnh lý tăng huyết áp,Phạm Quang Anh
503,MA RA,27,Nữ,"Cha Rang Hao, Xã Tà Năng, , Tỉnh Lâm Đồng",08/12/2025 11:40:00 PM,08/12/2025,11:40:00,PM,Thứ Hai,Ngoài giờ,Khoa Nội,Viêm dạ dày khác,Phạm Quang Anh
504,LAI THIÊN DŨNG,48,Nam,"Xã Đức Trọng, , Tỉnh Lâm Đồng",08/12/2025 11:50:00 PM,08/12/2025,11:50:00,PM,Thứ Hai,Ngoài giờ,Khoa Nội,Nhiễm trùng đường ruột do vi khuẩn khác,Phạm Quang Anh
505,VÕ THANH LONG,46,Nam,"Xã Hiệp Thạnh, , Tỉnh Lâm Đồng",09/12/2025 1:15:00 AM,09/12/2025,01:15:00,AM,Thứ Ba,Ngoài giờ,Khoa Nội,Bệnh trào ngược dạ dày - thực quản,Phạm Quang Anh
506,VÕ THỊ TÌNH,77,Nữ,"Xã Tà Hine, , Tỉnh Lâm Đồng",09/12/2025 2:45:00 AM,09/12/2025,02:45:00,AM,Thứ Ba,Ngoài giờ,Khoa Hồi sức tích cực,Bệnh lý tăng huyết áp,Phạm Quang Anh
507,LA TIẾN THÀNH,2,Nam,"Thôn Tân Nghĩa, Xã Tân Hội, , Tỉnh Lâm Đồng",09/12/2025 5:10:00 AM,09/12/2025,05:10:00,AM,Thứ Ba,Ngoài giờ,Khoa Nhi,Viêm amyđan cấp,Phạm Quang Anh
508,K' TRIỆU VY,5,Nữ,"Đoàn kết, Xã Tân Hội, , Tỉnh Lâm Đồng",09/12/2025 6:00:00 AM,09/12/2025,06:00:00,AM,Thứ Ba,Ngoài giờ,Khoa Nhi,Viêm amyđan cấp,Phạm Quang Anh
509,KA SĂ K' CRA,73,Nữ,"59, Lạch Tông, Xã Tân Hội, , Tỉnh Lâm Đồng",13/12/2025 9:00:00 AM,13/12/2025,09:00:00,AM,Thứ Bảy,Đúng giờ,Khoa Hồi sức tích cực,Hạ glucose máu khác,Phạm Quang Anh
510,NGUYỄN HẢI NAM,3,Nam,"Xã Tà Hine, , Tỉnh Lâm Đồng",13/12/2025 8:30:00 AM,13/12/2025,08:30:00,AM,Thứ Bảy,Đúng giờ,Khoa Nhi,Nhiễm trùng đường ruột do vi khuẩn khác,Phạm Quang Anh
511,LÊ MINH TRÍ,2,Nam,"THÔN NAM HẢI, Xã Tà Hine, , Tỉnh Lâm Đồng",13/12/2025 9:20:00 AM,13/12/2025,09:20:00,AM,Thứ Bảy,Đúng giờ,Khoa Nhi,Viêm tiểu phế quản cấp,Phạm Quang Anh
512,LÝ THỊ TRANG,61,Nữ,"Xã Đức Trọng, , Tỉnh Lâm Đồng",13/12/2025 10:00:00 AM,13/12/2025,10:00:00,AM,Thứ Bảy,Đúng giờ,Khoa Nội,Viêm xoang cấp,Phạm Quang Anh
513,K' THIỂU,1,Nữ,"Bia ray, Xã Tân Hội, , Tỉnh Lâm Đồng",13/12/2025 9:30:00 AM,13/12/2025,09:30:00,AM,Thứ Bảy,Đúng giờ,Khoa Nhi,Viêm tiểu phế quản cấp,Phạm Quang Anh
514,NGUYỄN THỊ PHƯƠNG,2,Nữ,"Pàng Tiêng 2, Xã Phú Sơn Lâm Hà, , Tỉnh Lâm Đồng",13/12/2025 9:45:00 AM,13/12/2025,09:45:00,AM,Thứ Bảy,Đúng giờ,Khoa Nhi,Viêm tiểu phế quản cấp,Phạm Quang Anh
515,ĐINH VIẾT TRỮ,84,Nam,"Thôn Thanh Bình 2, Xã Đinh Văn Lâm Hà, , Tỉnh Lâm Đồng",13/12/2025 11:00:00 AM,13/12/2025,11:00:00,AM,Thứ Bảy,Đúng giờ,Khoa Ngoại - LCK,Nhiễm trùng khác,Phạm Quang Anh
516,LÊ ĐỨC THIỆN,25,Nam,"Xã Tân Hội, , Tỉnh Lâm Đồng",13/12/2025 11:30:00 AM,13/12/2025,11:30:00,AM,Thứ Bảy,Ngoài giờ,Khoa Ngoại - LCK,Tổn thương nông ở cổ tay và bàn tay,Phạm Quang Anh
517,NGUYỄN VĂN ĐỨC,67,Nam,"Xã Đức Trọng, , Tỉnh Lâm Đồng",13/12/2025 12:15:00 PM,13/12/2025,12:15:00,PM,Thứ Bảy,Ngoài giờ,Khoa Ngoại - LCK,Đa vết thương hở chưa xác định,Phạm Quang Anh
518,PHẠM NGỌC KHẢ NHƯ,4,Nữ,"Xã Đức Linh, , Tỉnh Lâm Đồng",13/12/2025 11:50:00 AM,13/12/2025,11:50:00,AM,Thứ Bảy,Ngoài giờ,Khoa Nhi,Nhiễm trùng đường ruột do vi khuẩn khác,Phạm Quang Anh
519,TÔ THỊ THỦY,48,Nữ,"Tân Hiệp, Xã Hiệp Thạnh, , Tỉnh Lâm Đồng",13/12/2025 1:45:00 PM,13/12/2025,01:45:00,PM,Thứ Bảy,Đúng giờ,Khoa Nội,Rối loạn chức năng tiền đình,Phạm Quang Anh
520,NGUYỄN DUY BẢO LONG,4,Nam,"Xã Đức Trọng, , Tỉnh Lâm Đồng",13/12/2025 3:00:00 PM,13/12/2025,03:00:00,PM,Thứ Bảy,Đúng giờ,Khoa Nhi,"Viêm phổi, tác nhân không xác định",Phạm Quang Anh
521,KON SA MINH KHẢI,1,Nam,"Xã Tân Hội, , Tỉnh Lâm Đồng",13/12/2025 3:40:00 PM,13/12/2025,03:40:00,PM,Thứ Bảy,Đúng giờ,Khoa Nhi,Viêm da mủ,Phạm Quang Anh
522,PHẠM TRẦN THANH MAI,9,Nữ,"Phi Nôm, Xã Hiệp Thạnh, , Tỉnh Lâm Đồng",13/12/2025 4:10:00 PM,13/12/2025,04:10:00,PM,Thứ Bảy,Đúng giờ,Khoa Nhi,Nhiễm trùng đường ruột do vi khuẩn khác,Phạm Quang Anh
523,TRẦN NGUYỄN BẢO KHANG,6,Nam,"Xã Tuy An Đông, , Tỉnh Đắk Lắk",13/12/2025 5:50:00 PM,13/12/2025,05:50:00,PM,Thứ Bảy,Ngoài giờ,Khoa Nhi,Viêm amyđan cấp,Phạm Quang Anh
524,HÙNG ANH TUẤN,30,Nam,"Xã Đức Trọng, , Tỉnh Lâm Đồng",13/12/2025 7:00:00 PM,13/12/2025,07:00:00,PM,Thứ Bảy,Ngoài giờ,Khoa Nội,Viêm dạ dày cấp khác,Phạm Quang Anh
525,SƠ NƯR HA GIA MIN,1,Nam,"Số nhà 106, Thôn Lạch Tông, Xã Tân Hội, , Tỉnh Lâm Đồng",13/12/2025 7:05:00 PM,13/12/2025,07:05:00,PM,Thứ Bảy,Ngoài giờ,Khoa Nhi,Viêm tiểu phế quản cấp,Phạm Quang Anh
526,NGUYỄN NGỌC KHÁNH,16,Nam,"Thôn Ma Am, Xã Tà Hine, , Tỉnh Lâm Đồng",13/12/2025 7:40:00 PM,13/12/2025,07:40:00,PM,Thứ Bảy,Ngoài giờ,Khoa Ngoại - LCK,Tổn thương nông ở đầu,Phạm Quang Anh
527,KON SƠ SA MIN,21,Nam,"Thôn Đa Hoa, Xã Đơn Dương, , Tỉnh Lâm Đồng",13/12/2025 8:00:00 PM,13/12/2025,08:00:00,PM,Thứ Bảy,Ngoài giờ,Khoa Hồi sức tích cực,"Sốc phản vệ, chưa xác định",Phạm Quang Anh
528,CIL MÚP GANG NAM,6,Nam,"Xã Tân Hội, , Tỉnh Lâm Đồng",13/12/2025 8:40:00 PM,13/12/2025,08:40:00,PM,Thứ Bảy,Ngoài giờ,Khoa Ngoại - LCK,Tổn thương nông tại cổ chân và bàn chân,Phạm Quang Anh
529,K' A THA LY,1,Nữ,"Xã Hiệp Thạnh, , Tỉnh Lâm Đồng",13/12/2025 10:00:00 PM,13/12/2025,10:00:00,PM,Thứ Bảy,Ngoài giờ,Khoa Nhi,"Viêm phổi, tác nhân không xác định",Phạm Quang Anh
530,HA KIM,39,Nam,"Số Nhà 247, Thôn Srê Đăng, Xã Tân Hội, , Tỉnh Lâm Đồng",13/12/2025 11:45:00 PM,13/12/2025,11:45:00,PM,Thứ Bảy,Ngoài giờ,Khoa Ngoại - LCK,Đa vết thương hở chưa xác định,Phạm Quang Anh
531,K' SONG,32,Nam,"Số Nhà 210, Thôn Srê Đăng, Xã Tân Hội, , Tỉnh Lâm Đồng",13/12/2025 11:05:00 PM,13/12/2025,11:05:00,PM,Thứ Bảy,Ngoài giờ,Khoa Ngoại - LCK,Đa vết thương hở chưa xác định,Phạm Quang Anh
532,KON SƠ HA SÊ PHA,2,Nam,"THÔN ĐA KAO 2, Xã Đam Rông 4, , Tỉnh Lâm Đồng",13/12/2025 10:50:00 PM,13/12/2025,10:50:00,PM,Thứ Bảy,Ngoài giờ,Khoa Nhi,Viêm tiểu phế quản cấp,Phạm Quang Anh
533,NGUYỄN THÁI BÌNH,16,Nam,"Xã Đức Trọng, , Tỉnh Lâm Đồng",13/12/2025 11:57:00 PM,13/12/2025,11:57:00,PM,Thứ Bảy,Ngoài giờ,Khoa Ngoại - LCK,Vết thương hở đầu gối,Phạm Quang Anh
534,NGUYỄN XUÂN KIỀU,68,Nam,"6/25 Phi Nôm, Xã Hiệp Thạnh, , Tỉnh Lâm Đồng",14/12/2025 4:00:00 AM,14/12/2025,04:00:00,AM,Chủ Nhật,Ngoài giờ,Khoa Nội,Nhiễm trùng đường ruột do vi khuẩn khác,Phạm Quang Anh
535,LÊ TỰ SƠN,62,Nam,"Ninh Thiện, Xã Ninh Gia, , Tỉnh Lâm Đồng",19/12/2025 12:45:00 PM,19/12/2025,12:45:00,PM,Thứ Sáu,Ngoài giờ,Khoa Nội,Viêm dạ dày cấp khác,Phạm Quang Anh
536,NGUYỄN THỊ TUYẾT NGA,57,Nữ,"Bon Rơm, Xã Tân Hội, , Tỉnh Lâm Đồng",19/12/2025 7:00:00 PM,19/12/2025,07:00:00,PM,Thứ Sáu,Ngoài giờ,Khoa Hồi sức tích cực,Cơn đau thắt ngực không ổn định,Phạm Quang Anh
537,ĐỖ GIA VY,1,Nữ,"Xã Kiến Xương, , Tỉnh Hưng Yên",19/12/2025 7:15:00 PM,19/12/2025,07:15:00,PM,Thứ Sáu,Ngoài giờ,Khoa Nhi,"Viêm phổi, tác nhân không xác định",Phạm Quang Anh
538,ĐOÀN THỊ XUÂN HƯƠNG,45,Nữ,"Xã Hiệp Thạnh, , Tỉnh Lâm Đồng",19/12/2025 7:55:00 PM,19/12/2025,07:55:00,PM,Thứ Sáu,Ngoài giờ,Khoa Nội,Bệnh lý tăng huyết áp,Phạm Quang Anh
539,SƠ NƯR HA QUYN,36,Nam,"Xã Đơn Dương, , Tỉnh Lâm Đồng",19/12/2025 8:00:00 PM,19/12/2025,08:00:00,PM,Thứ Sáu,Ngoài giờ,Khoa Nội,Bệnh lý tăng huyết áp,Phạm Quang Anh
540,MBON HA JIM,58,Nam,"Xã Đức Trọng, , Tỉnh Lâm Đồng",19/12/2025 8:20:00 PM,19/12/2025,08:20:00,PM,Thứ Sáu,Ngoài giờ,Khoa Ngoại - LCK,đụng giập tại đầu gối,Phạm Quang Anh
541,KLONG NA RIM,10,Nữ,"Bon Rowm, Bon rơm, Xã Tân Hội, , Tỉnh Lâm Đồng",19/12/2025 9:00:00 PM,19/12/2025,09:00:00,PM,Thứ Sáu,Ngoài giờ,Khoa Nhi,Nhiễm trùng đường ruột do vi khuẩn khác,Phạm Quang Anh
542,KA LIỄU,40,Nữ,"STA 1, Xã Đơn Dương, , Tỉnh Lâm Đồng",19/12/2025 9:55:00 PM,19/12/2025,09:55:00,PM,Thứ Sáu,Ngoài giờ,Khoa Nội,Dị ứng chưa xác định,Phạm Quang Anh
543,KA DÉP,64,Nữ,"Xã Ninh Gia, , Tỉnh Lâm Đồng",19/12/2025 10:10:00 PM,19/12/2025,10:10:00,PM,Thứ Sáu,Ngoài giờ,Khoa Hồi sức tích cực,Rung nhĩ mãn tính,Phạm Quang Anh
544,NGUYỄN HOÀI AN,4,Nữ,"Xã Hiệp Thạnh, , Tỉnh Lâm Đồng",19/12/2025 11:15:00 PM,19/12/2025,11:15:00,PM,Thứ Sáu,Ngoài giờ,Khoa Nhi,Nhiễm trùng đường ruột do vi khuẩn khác,Phạm Quang Anh
545,NGUYỄN HỒNG HẠNH,3,Nữ,"Xã Tân Hà Lâm Hà, , Tỉnh Lâm Đồng",19/12/2025 11:20:00 PM,19/12/2025,11:20:00,PM,Thứ Sáu,Ngoài giờ,Khoa Nhi,Nhiễm trùng đường ruột do vi khuẩn khác,Phạm Quang Anh
546,NGUYỄN THỊ THANH,37,Nữ,"Tổ 15 Bồng Lai, Xã Hiệp Thạnh, , Tỉnh Lâm Đồng",20/12/2025 12:40:00 AM,20/12/2025,12:40:00,AM,Thứ Bảy,Ngoài giờ,Khoa Nội,Bệnh lý tăng huyết áp,Phạm Quang Anh
547,HOÀNG THỊ THANH HẠ,23,Nữ,"26 Nguyễn Tuân, Xã Đức Trọng, , Tỉnh Lâm Đồng",30/12/2025 6:25:00 PM,30/12/2025,06:25:00,PM,Thứ Ba,Ngoài giờ,Khoa Ngoại - LCK,đụng giập tại đầu gối,Phạm Quang Anh
548,PHẠM THÚY ANH,35,Nữ,"Tổ 4, Thôn An Bình, Xã Hiệp Thạnh, , Tỉnh Lâm Đồng",30/12/2025 8:15:00 PM,30/12/2025,08:15:00,PM,Thứ Ba,Ngoài giờ,Khoa Nội,Viêm tụy cấp,Phạm Quang Anh
549,ĐINH VĂN VIẾT,30,Nam,"Thôn Nước Lác, Xã Sơn Kỳ, , Tỉnh Quảng Ngãi",30/12/2025 11:30:00 PM,30/12/2025,11:30:00,PM,Thứ Ba,Ngoài giờ,Khoa Nội,Viêm dạ dày cấp khác,Phạm Quang Anh
550,LÊ BẰNG,83,Nam,"Xã Đức Trọng, , Tỉnh Lâm Đồng",31/12/2025 4:40:00 AM,31/12/2025,04:40:00,AM,Thứ Tư,Ngoài giờ,Khoa Hồi sức tích cực,Bệnh phổi tắc nghẽn mãn tính đợt cấp do bội nhiễm,Phạm Quang Anh
551,YA TUYÊN,53,Nam,"Xã Tà Năng, , Tỉnh Lâm Đồng",01/12/2025 9:58:00 AM,01/12/2025,09:58:00,AM,Thứ Hai,Đúng giờ,Khoa Nội,"Viêm phổi do vi khuẩn, chưa được phân loại nơi khác",Phan Thị Diệu Trâm
552,NGUYỄN THỊ HOA,59,Nữ,"Tổ 14, Xã Đức Trọng, , Tỉnh Lâm Đồng",02/12/2025 10:52:00 AM,02/12/2025,10:52:00,AM,Thứ Ba,Đúng giờ,Khoa Nội,Bệnh đái tháo đường không phụ thuộc insuline,Phan Thị Diệu Trâm
553,LÝ THỊ QUỲNH,1,Nữ,"Thôn 2, Xã Đức Trọng, , Tỉnh Lâm Đồng",02/12/2025 10:38:00 AM,02/12/2025,10:38:00,AM,Thứ Ba,Đúng giờ,Khoa Nhi,Vàng da sơ sinh do các nguyên nhân khác và nguyên nhân không được định rõ,Phan Thị Diệu Trâm
554,VÕ VĂN BÌNH,66,Nam,"Phi Nôm, Xã Hiệp Thạnh, , Tỉnh Lâm Đồng",05/12/2025 2:40:00 PM,05/12/2025,02:40:00,PM,Thứ Sáu,Đúng giờ,Khoa Nội,"Viêm phế quản phổi, không đặc hiệu",Phan Thị Diệu Trâm
555,LÊ NGỌC BẢO TRÂM,39,Nữ,"Xã Đức Trọng, , Tỉnh Lâm Đồng",10/12/2025 8:46:00 AM,10/12/2025,08:46:00,AM,Thứ Tư,Đúng giờ,Khoa Nội,Bệnh lý tăng huyết áp,Phan Thị Diệu Trâm
556,TRƯƠNG THỊ KIỀU OANH,45,Nữ,"Bắc Hội, Xã Hiệp Thạnh, , Tỉnh Lâm Đồng",10/12/2025 10:40:00 AM,10/12/2025,10:40:00,AM,Thứ Tư,Đúng giờ,Khoa Nội,Bỏng độ hai của cổ tay và bàn tay,Phan Thị Diệu Trâm
557,TRƯƠNG THỊ KIỀU OANH,45,Nữ,"Bắc Hội, Xã Hiệp Thạnh, , Tỉnh Lâm Đồng",10/12/2025 10:40:00 AM,10/12/2025,10:40:00,AM,Thứ Tư,Đúng giờ,Khoa Nội,"Viêm phổi do vi khuẩn, chưa được phân loại nơi khác",Phan Thị Diệu Trâm
558,CIL MÚP HA KLÍP,56,Nam,"Yang Ly, Xã Tân Hội, , Tỉnh Lâm Đồng",12/12/2025 9:39:00 AM,12/12/2025,09:39:00,AM,Thứ Sáu,Đúng giờ,Khoa Nội,Bệnh đái tháo đường không phụ thuộc insuline,Phan Thị Diệu Trâm
559,CIL K' MÔN,37,Nữ,"K' Rèn, Xã Hiệp Thạnh, , Tỉnh Lâm Đồng",16/12/2025 10:31:00 AM,16/12/2025,10:31:00,AM,Thứ Ba,Đúng giờ,Khoa Nội,Sốt xuất huyết Dengue,Phan Thị Diệu Trâm
560,HỒ CHIU,84,Nam,"Xã Đức Trọng, , Tỉnh Lâm Đồng",17/12/2025 7:52:00 AM,17/12/2025,07:52:00,AM,Thứ Tư,Đúng giờ,Khoa Nội,Bệnh đái tháo đường không phụ thuộc insuline,Phan Thị Diệu Trâm
561,K' DẾP,64,Nữ,"Đăng Srôn, Xã Ninh Gia, , Tỉnh Lâm Đồng",23/12/2025 10:36:00 AM,23/12/2025,10:36:00,AM,Thứ Ba,Đúng giờ,Khoa Nội,Cơn đau thắt ngực,Phan Thị Diệu Trâm
562,NGUYỄN THỊ HẠNH,68,Nữ,"Xã Đức Trọng, , Tỉnh Lâm Đồng",25/12/2025 2:35:00 PM,25/12/2025,02:35:00,PM,Thứ Năm,Đúng giờ,Khoa Nội,Hen [suyễn],Phan Thị Diệu Trâm
563,CHỀNH CHI SƯƠNG,41,Nam,"Phú Thạnh, Xã Hiệp Thạnh, , Tỉnh Lâm Đồng",29/12/2025 2:10:00 PM,29/12/2025,02:10:00,PM,Thứ Hai,Đúng giờ,Khoa Nội,Bệnh đái tháo đường không phụ thuộc insuline,Phan Thị Diệu Trâm
564,XI LA,29,Nam,"Tổ 2, Thôn K'rèn, Xã Hiệp Thạnh, , Tỉnh Lâm Đồng",29/12/2025 11:29:00 AM,29/12/2025,11:29:00,AM,Thứ Hai,Đúng giờ,Khoa Nội,Sốt xuất huyết Dengue,Phan Thị Diệu Trâm
565,KA SĂ K' NGỌC HÂN,3,Nữ,"Thôn R' Chai 2, Xã Đức Trọng, , Tỉnh Lâm Đồng",29/12/2025 2:50:00 PM,29/12/2025,02:50:00,PM,Thứ Hai,Đúng giờ,Khoa Nhi,"Viêm phổi do vi khuẩn, chưa được phân loại nơi khác",Phan Thị Diệu Trâm
566,BÙI THỊ HƯƠNG,62,Nữ,"Phi Nôm, Xã Hiệp Thạnh, , Tỉnh Lâm Đồng",30/12/2025 9:00:00 AM,30/12/2025,09:00:00,AM,Thứ Ba,Đúng giờ,Khoa Nội,"Viêm phổi do vi khuẩn, chưa được phân loại nơi khác",Phan Thị Diệu Trâm
567,NGUYỄN VĂN ĐẠT,58,Nam,"Thôn Đà Thọ, Xã Tà Hine, , Tỉnh Lâm Đồng",30/12/2025 2:33:00 PM,30/12/2025,02:33:00,PM,Thứ Ba,Đúng giờ,Khoa Nội,Sốt xuất huyết Dengue,Phan Thị Diệu Trâm
568,PHẠM TUẤN LẬP,45,Nam,"Số Nhà 15 Đường Ngô Gia Khảm Tổ 23, Xã Đức Trọng, , Tỉnh Lâm Đồng",02/12/2025 12:30:00 PM,02/12/2025,12:30:00,PM,Thứ Ba,Ngoài giờ,Khoa Ngoại - LCK,Vết thương hở của cánh tay,Trương Minh Thức
569,TÔ VĂN TRUNG,73,Nam,"Tổ 3, Xã Đức Trọng, , Tỉnh Lâm Đồng",02/12/2025 12:40:00 PM,02/12/2025,12:40:00,PM,Thứ Ba,Ngoài giờ,Khoa Nội,Rối loạn chức năng tiền đình,Trương Minh Thức
570,K' NHẾP,66,Nữ,"đăng srôn, Xã Ninh Gia, , Tỉnh Lâm Đồng",02/12/2025 2:00:00 PM,02/12/2025,02:00:00,PM,Thứ Ba,Đúng giờ,Khoa Hồi sức tích cực,"Viêm phổi, tác nhân không xác định",Trương Minh Thức
571,TỪ THỊ ÁNH,78,Nữ,"Thôn Tân Đà, Xã Tân Hội, , Tỉnh Lâm Đồng",02/12/2025 7:20:00 PM,02/12/2025,07:20:00,PM,Thứ Ba,Ngoài giờ,Khoa Ngoại - LCK,Viêm ruột thừa khác,Trương Minh Thức
572,MA NHÂM,2,Nữ,"Xã Đức Trọng, , Tỉnh Lâm Đồng",02/12/2025 7:15:00 PM,02/12/2025,07:15:00,PM,Thứ Ba,Ngoài giờ,Khoa Nhi,Tiêu chảy rối loạn chức năng,Trương Minh Thức
573,KON SƠ HA RY SƠN,2,Nam,"R' Chai 1, Xã Đức Trọng, , Tỉnh Lâm Đồng",02/12/2025 8:00:00 PM,02/12/2025,08:00:00,PM,Thứ Ba,Ngoài giờ,Khoa Nhi,Viêm amyđan cấp,Trương Minh Thức
574,KƠ SĂ K THƯ,12,Nữ,"Đà R Griềng, Xã Tà Hine, , Tỉnh Lâm Đồng",02/12/2025 9:20:00 PM,02/12/2025,09:20:00,PM,Thứ Ba,Ngoài giờ,Khoa Nhi,Bệnh trào ngược dạ dày - thực quản,Trương Minh Thức
575,KƠN TÔL K' GÂN,64,Nữ,"Tổ 4, Thôn Gân Reo, Xã Hiệp Thạnh, , Tỉnh Lâm Đồng",02/12/2025 11:30:00 PM,02/12/2025,11:30:00,PM,Thứ Ba,Ngoài giờ,Khoa Hồi sức tích cực,Cơn đau thắt ngực không ổn định,Trương Minh Thức
576,K' HẾU,63,Nam,"Thôn Đăng Srỗn, Xã Ninh Gia, , Tỉnh Lâm Đồng",03/12/2025 2:50:00 AM,03/12/2025,02:50:00,AM,Thứ Tư,Ngoài giờ,Khoa Nội,Đau dây thần kinh tọa,Trương Minh Thức
577,NGUYỄN ANH ĐƯỜNG,55,Nam,"Xã Can Lộc, , Tỉnh Hà Tĩnh",07/12/2025 9:50:00 AM,07/12/2025,09:50:00,AM,Chủ Nhật,Đúng giờ,Khoa Ngoại - LCK,Đa vết thương hở ở cổ tay và bàn tay,Trương Minh Thức
578,LIÊNG HÓT MASSEA,38,Nữ,"Xã Tân Hội, , Tỉnh Lâm Đồng",07/12/2025 10:50:00 AM,07/12/2025,10:50:00,AM,Chủ Nhật,Đúng giờ,Khoa Nội,Rối loạn chức năng tiền đình,Trương Minh Thức
579,TRẦN TUỆ LÂM,2,Nữ,"Xã Đức Trọng, , Tỉnh Lâm Đồng",07/12/2025 3:20:00 PM,07/12/2025,03:20:00,PM,Chủ Nhật,Đúng giờ,Khoa Nhi,Viêm họng có phỏng nước do virus đường ruột với phát ban,Trương Minh Thức
580,NGUYỄN ĐÌNH ĐÔNG,75,Nam,"., Xã Đức Trọng, , Tỉnh Lâm Đồng",07/12/2025 8:10:00 PM,07/12/2025,08:10:00,PM,Chủ Nhật,Ngoài giờ,Khoa Ngoại - LCK,Tổn thương nông tại cổ chân và bàn chân,Trương Minh Thức
581,VŨ VĂN VƯỢNG,31,Nam,"Xã Hiệp Thạnh, , Tỉnh Lâm Đồng",07/12/2025 8:45:00 PM,07/12/2025,08:45:00,PM,Chủ Nhật,Ngoài giờ,Khoa Ngoại - LCK,Vết thương hở các ngón tay với tổn thương móng,Trương Minh Thức
582,KƠN TÔL HỮU KHIẾU,3,Nam,"Khu 36ha, Thôn Gan Reo, Xã Hiệp Thạnh, , Tỉnh Lâm Đồng",08/12/2025 6:45:00 AM,08/12/2025,06:45:00,AM,Thứ Hai,Ngoài giờ,Khoa Nhi,Tiêu chảy rối loạn chức năng,Trương Minh Thức
583,VÕ THỊ HOÀNG OANH,43,Nữ,"Tân Trung, Xã Tân Hội, , Tỉnh Lâm Đồng",16/12/2025 12:30:00 PM,16/12/2025,12:30:00,PM,Thứ Ba,Ngoài giờ,Khoa Ngoại - LCK,Gãy xương đơn thuần xương mác,Trương Minh Thức
584,KA SĂ K' ĐIẾU,63,Nữ,"Số Nhà 99, Thôn Yang Ly, Xã Tân Hội, , Tỉnh Lâm Đồng",16/12/2025 1:30:00 PM,16/12/2025,01:30:00,PM,Thứ Ba,Đúng giờ,Khoa Ngoại - LCK,Gãy xương đốt khác bàn tay,Trương Minh Thức
585,K' NGHIẾU,71,Nữ,"Số Nhà 233, Thôn Srê Đăng, Xã Tân Hội, , Tỉnh Lâm Đồng",16/12/2025 8:00:00 PM,16/12/2025,08:00:00,PM,Thứ Ba,Ngoài giờ,Khoa Hồi sức tích cực,"Viêm phổi, tác nhân không xác định",Trương Minh Thức
586,VÕ NGỌC BÍCH ĐÀO,57,Nữ,"Xã Đức Trọng, , Tỉnh Lâm Đồng",16/12/2025 8:30:00 PM,16/12/2025,08:30:00,PM,Thứ Ba,Ngoài giờ,Khoa Ngoại - LCK,Gãy đốt sống thắt lưng,Trương Minh Thức
587,MA NAI UYÊN,3,Nữ,"Xã Đức Trọng, , Tỉnh Lâm Đồng",16/12/2025 10:20:00 PM,16/12/2025,10:20:00,PM,Thứ Ba,Ngoài giờ,Khoa Nhi,"Viêm phổi, tác nhân không xác định",Trương Minh Thức
588,VŨ THỊ NHUNG,44,Nữ,"Xã Hiệp Thạnh, , Tỉnh Lâm Đồng",16/12/2025 11:50:00 PM,16/12/2025,11:50:00,PM,Thứ Ba,Ngoài giờ,Khoa Nội,"Rối loạn cân bằng nước, điện giải và thăng bằng kiềm toan",Trương Minh Thức
589,NGUYỄN THỊ MỸ LỆ,38,Nữ,"Tân Nghĩa, Xã Tân Hội, , Tỉnh Lâm Đồng",17/12/2025 12:10:00 AM,17/12/2025,12:10:00,AM,Thứ Tư,Đúng giờ,Khoa Hồi sức tích cực,"Sốc phản vệ, chưa xác định",Trương Minh Thức
590,K' KƠ,30,Nam,"Xã Hiệp Thạnh, , Tỉnh Lâm Đồng",17/12/2025 12:51:00 AM,17/12/2025,12:51:00,AM,Thứ Tư,Ngoài giờ,Khoa Nội,"Rối loạn cân bằng nước, điện giải và thăng bằng kiềm toan",Trương Minh Thức
591,HÀ VĂN PHÚC KHANG,3,Nam,"Phú Lộc, Xã Đức Trọng, , Tỉnh Lâm Đồng",17/12/2025 1:30:00 AM,17/12/2025,01:30:00,AM,Thứ Tư,Ngoài giờ,Khoa Nhi,Hen [suyễn],Trương Minh Thức
592,KON SƠ NY SEN,1,Nam,"Thôn Tơ Mrang, Xã Tà Năng, , Tỉnh Lâm Đồng",17/12/2025 2:00:00 AM,17/12/2025,02:00:00,AM,Thứ Tư,Ngoài giờ,Khoa Nhi,Viêm tiểu phế quản cấp,Trương Minh Thức
593,NGUYỄN THỊ TÂM,97,Nữ,"Xã Hiệp Thạnh, , Tỉnh Lâm Đồng",17/12/2025 3:35:00 AM,17/12/2025,03:35:00,AM,Thứ Tư,Ngoài giờ,Khoa Ngoại - LCK,Tổn thương nông ở đầu,Trương Minh Thức
594,TỒN THỊ ÁI TRINH,39,Nữ,"Thôn An Lạc, Xã Hải Ninh, , Tỉnh Lâm Đồng",19/12/2025 2:12:00 PM,19/12/2025,02:12:00,PM,Thứ Sáu,Đúng giờ,Khoa Nội,Viêm xoang cấp,Trương Minh Thức
595,NGUYỄN THỊ KIM LOAN,63,Nữ,"TÂN LẬP, Xã Tân Hội, , Tỉnh Lâm Đồng",21/12/2025 9:10:00 AM,21/12/2025,09:10:00,AM,Chủ Nhật,Đúng giờ,Khoa Ngoại - LCK,Viêm ruột thừa cấp,Trương Minh Thức
596,MA HOÀI AN,2,Nữ,"Thôn Klong Bong, Xã Tà Năng, , Tỉnh Lâm Đồng",21/12/2025 10:00:00 AM,21/12/2025,10:00:00,AM,Chủ Nhật,Đúng giờ,Khoa Nhi,Viêm amyđan cấp,Trương Minh Thức
597,NGUYỄN THỊ KHUYA,90,Nữ,"Xã Hiệp Thạnh, , Tỉnh Lâm Đồng",21/12/2025 9:45:00 AM,21/12/2025,09:45:00,AM,Chủ Nhật,Đúng giờ,Khoa Ngoại - LCK,Vết thương hở tại cổ chân và bàn chân,Trương Minh Thức
598,THIỀU THỊ KIM OANH,44,Nữ,"Bắc Hội, Xã Hiệp Thạnh, , Tỉnh Lâm Đồng",21/12/2025 12:05:00 PM,21/12/2025,12:05:00,PM,Chủ Nhật,Ngoài giờ,Khoa Nội,Rối loạn chức năng tiền đình,Trương Minh Thức
599,KA RIỂU,60,Nữ,"Thôn Ninh Thiện, Xã Ninh Gia, , Tỉnh Lâm Đồng",21/12/2025 4:15:00 PM,21/12/2025,04:15:00,PM,Chủ Nhật,Đúng giờ,Khoa Nội,Bệnh lý tăng huyết áp,Trương Minh Thức
600,RƠ ÔNG K' KHOAN,1,Nam,"Xã Hiệp Thạnh, , Tỉnh Lâm Đồng",21/12/2025 7:05:00 PM,21/12/2025,07:05:00,PM,Chủ Nhật,Ngoài giờ,Khoa Nhi,"Viêm phổi, tác nhân không xác định",Trương Minh Thức
601,PHẠM NHẬT VƯỢNG,3,Nam,"Xã Đức Trọng, , Tỉnh Lâm Đồng",21/12/2025 8:20:00 PM,21/12/2025,08:20:00,PM,Chủ Nhật,Ngoài giờ,Khoa Nhi,Nhiễm trùng đường ruột do vi khuẩn khác,Trương Minh Thức
602,KA KRẾU,63,Nữ,"Đăng Srôn, Xã Ninh Gia, , Tỉnh Lâm Đồng",21/12/2025 11:15:00 PM,21/12/2025,11:15:00,PM,Chủ Nhật,Ngoài giờ,Khoa Nội,Cơn đau thắt ngực,Trương Minh Thức
603,LÊ MINH ĐĂNG,22,Nam,"Đường Tuệ Tĩnh, Tổ 10, Xã Đức Trọng, , Tỉnh Lâm Đồng",22/12/2025 1:50:00 AM,22/12/2025,01:50:00,AM,Thứ Hai,Ngoài giờ,Khoa Hồi sức tích cực,"Sốc phản vệ, chưa xác định",Trương Minh Thức
604,HOÀNG NGHIỆP BẢO NGÂN,14,Nữ,"Xã Đức Trọng, , Tỉnh Lâm Đồng",22/12/2025 2:15:00 AM,22/12/2025,02:15:00,AM,Thứ Hai,Ngoài giờ,Khoa Hồi sức tích cực,Ngộ độc chất Dẫn xuất 4- aminophenol,Trương Minh Thức
605,TRẦN GIA KHANG,1,Nam,"Xã Nam Ban Lâm Hà, , Tỉnh Lâm Đồng",24/12/2025 10:39:00 AM,24/12/2025,10:39:00,AM,Thứ Tư,Đúng giờ,Khoa Nhi,Viêm tiểu phế quản cấp,Trương Minh Thức
606,LĂNG NGỌC KHẢ MY,2,Nữ,"Tổ 33, Xã Đức Trọng, , Tỉnh Lâm Đồng",25/12/2025 12:15:00 PM,25/12/2025,12:15:00,PM,Thứ Năm,Ngoài giờ,Khoa Nhi,Tiêu chảy rối loạn chức năng,Trương Minh Thức
607,TRỊNH NHẬT MINH,22,Nam,"Xã Đức Trọng, , Tỉnh Lâm Đồng",25/12/2025 12:20:00 PM,25/12/2025,12:20:00,PM,Thứ Năm,Ngoài giờ,Khoa Ngoại - LCK,"Xẹp đốt sống, chưa được xếp loại ở mục khác",Trương Minh Thức
608,NGUYỄN THỊ THẤM,54,Nữ,"Thôn Dũng Tiến, Xã Hoàn Long, , Tỉnh Hưng Yên",25/12/2025 3:35:00 PM,25/12/2025,03:35:00,PM,Thứ Năm,Đúng giờ,Khoa Ngoại - LCK,Viêm ruột thừa cấp,Trương Minh Thức
609,ĐẶNG HỮU ĐẠT,35,Nam,"Xã Đức Trọng, , Tỉnh Lâm Đồng",25/12/2025 5:20:00 PM,25/12/2025,05:20:00,PM,Thứ Năm,Ngoài giờ,Khoa Hồi sức tích cực,Nhiễm độc Nọc độc rắn,Trương Minh Thức
610,NGUYỄN THỊ HUỆ,38,Nữ,"Xã Hiệp Thạnh, , Tỉnh Lâm Đồng",25/12/2025 6:50:00 PM,25/12/2025,06:50:00,PM,Thứ Năm,Ngoài giờ,Khoa Hồi sức tích cực,Nhiễm độc Nọc độc của các tiết túc khác,Trương Minh Thức
611,NGUYỄN THÚY MINH,76,Nữ,"Tổ 22, Xã Đức Trọng, , Tỉnh Lâm Đồng",25/12/2025 7:00:00 PM,25/12/2025,07:00:00,PM,Thứ Năm,Ngoài giờ,Khoa Nội,"Rối loạn ruột chức năng, không đặc hiệu",Trương Minh Thức
612,KON SA GIÔ SUÊ,5,Nam,"Thôn Bockabang, Xã Đơn Dương, , Tỉnh Lâm Đồng",25/12/2025 8:45:00 PM,25/12/2025,08:45:00,PM,Thứ Năm,Ngoài giờ,Khoa Nhi,Viêm amyđan cấp,Trương Minh Thức
613,HỨA NGỌC HÒA,28,Nam,"Tổ 2 Thôn Tân Hiệp, Xã Hiệp Thạnh, , Tỉnh Lâm Đồng",25/12/2025 9:05:00 PM,25/12/2025,09:05:00,PM,Thứ Năm,Ngoài giờ,Khoa Ngoại - LCK,Viêm mô bào ở mặt,Trương Minh Thức
614,HUỲNH THẾ VŨ,35,Nam,"Thôn Đà Lâm, Xã Tà Năng, , Tỉnh Lâm Đồng",25/12/2025 9:50:00 PM,25/12/2025,09:50:00,PM,Thứ Năm,Ngoài giờ,Khoa Ngoại - LCK,Vết thương hở ở cổ tay và bàn tay,Trương Minh Thức
615,K' THƠM,40,Nam,"Xã Đức Trọng, , Tỉnh Lâm Đồng",25/12/2025 10:05:00 PM,25/12/2025,10:05:00,PM,Thứ Năm,Ngoài giờ,Khoa Ngoại - LCK,Tổn thương của lồng ngực,Trương Minh Thức
616,NGUYỄN VĂN TIẾN,58,Nam,"Xã Đức Trọng, , Tỉnh Lâm Đồng",25/12/2025 11:50:00 PM,25/12/2025,11:50:00,PM,Thứ Năm,Ngoài giờ,Khoa Nội,Nhiễm trùng đường ruột do vi khuẩn khác,Trương Minh Thức
617,TRẦN HỒ KHÁNH NGÂN,8,Nữ,"Xã Đức Trọng, , Tỉnh Lâm Đồng",25/12/2025 11:30:00 PM,25/12/2025,11:30:00,PM,Thứ Năm,Ngoài giờ,Khoa Nhi,Viêm amyđan cấp,Trương Minh Thức
618,YA TUYÊN,53,Nam,"Xã Tà Năng, , Tỉnh Lâm Đồng",28/12/2025 10:20:00 AM,28/12/2025,10:20:00,AM,Chủ Nhật,Đúng giờ,Khoa Nội,"Viêm phổi, tác nhân không xác định",Trương Minh Thức
619,KRĂ JĂN MỸ DUYÊN,2,Nữ,"Xã Hiệp Thạnh, , Tỉnh Lâm Đồng",28/12/2025 10:30:00 AM,28/12/2025,10:30:00,AM,Chủ Nhật,Đúng giờ,Khoa Nhi,Viêm tiểu phế quản cấp,Trương Minh Thức
620,NGUYỄN THỊ MẸO,37,Nữ,"Thôn Đà Thành, Xã Tà Hine, , Tỉnh Lâm Đồng",28/12/2025 10:55:00 AM,28/12/2025,10:55:00,AM,Chủ Nhật,Đúng giờ,Khoa Ngoại - LCK,Gãy xương vai và xương cánh tay,Trương Minh Thức
621,K' ĐẠT,4,Nam,"Xã Đức Trọng, , Tỉnh Lâm Đồng",28/12/2025 11:05:00 AM,28/12/2025,11:05:00,AM,Chủ Nhật,Đúng giờ,Khoa Nhi,Ngộ độc chất ăn mòn,Trương Minh Thức
622,KLONG HA BLƯNG,35,Nam,"Thôn Đà R'giềng, Xã Tà Hine, , Tỉnh Lâm Đồng",28/12/2025 12:25:00 PM,28/12/2025,12:25:00,PM,Chủ Nhật,Ngoài giờ,Khoa Nội,Cơn đau thắt ngực,Trương Minh Thức
623,VÕ THỊ MỸ NƯƠNG,47,Nữ,"Ba Cản, Xã Tân Hội, , Tỉnh Lâm Đồng",28/12/2025 4:15:00 PM,28/12/2025,04:15:00,PM,Chủ Nhật,Đúng giờ,Khoa Ngoại - LCK,Gãy xương đòn,Trương Minh Thức
624,K' RÀNH,1,Nữ,"Thôn GầnReo, Xã Hiệp Thạnh, , Tỉnh Lâm Đồng",28/12/2025 3:55:00 PM,28/12/2025,03:55:00,PM,Chủ Nhật,Đúng giờ,Khoa Nhi,"Viêm phổi, tác nhân không xác định",Trương Minh Thức
625,NGUYỄN NGỌC HẢI,27,Nam,"Xã Đức Trọng, , Tỉnh Lâm Đồng",28/12/2025 4:45:00 PM,28/12/2025,04:45:00,PM,Chủ Nhật,Đúng giờ,Khoa Ngoại - LCK,Vết thương hở ở cổ tay và bàn tay,Trương Minh Thức
626,K' NHA,85,Nữ,"Thôn Đăng Srỗn, Xã Ninh Gia, , Tỉnh Lâm Đồng",28/12/2025 5:00:00 PM,28/12/2025,05:00:00,PM,Chủ Nhật,Ngoài giờ,Khoa Nội,"Viêm phổi, tác nhân không xác định",Trương Minh Thức
627,NGUYỄN PHÚ PHƯỚC,58,Nam,"Xã Ninh Gia, , Tỉnh Lâm Đồng",28/12/2025 6:15:00 PM,28/12/2025,06:15:00,PM,Chủ Nhật,Ngoài giờ,Khoa Ngoại - LCK,Gãy xương đốt đầu bàn tay,Trương Minh Thức
628,KON SA KA THY,7,Nữ,"Đa Hoa, Xã Đơn Dương, , Tỉnh Lâm Đồng",28/12/2025 6:30:00 PM,28/12/2025,06:30:00,PM,Chủ Nhật,Ngoài giờ,Khoa Nhi,"Viêm phổi, tác nhân không xác định",Trương Minh Thức
629,KA WỀNG,58,Nữ,"Xã Ninh Gia, , Tỉnh Lâm Đồng",28/12/2025 7:20:00 PM,28/12/2025,07:20:00,PM,Chủ Nhật,Ngoài giờ,Khoa Nội,Rối loạn chức năng tiền đình,Trương Minh Thức
630,TRẦN THỊ HÒA,55,Nữ,"Đà Thành, Xã Tà Hine, , Tỉnh Lâm Đồng",28/12/2025 8:20:00 PM,28/12/2025,08:20:00,PM,Chủ Nhật,Ngoài giờ,Khoa Ngoại - LCK,Viêm ruột thừa khác,Trương Minh Thức
631,QUANG PHI PHƯỢNG,8,Nữ,"Tân Hưng, Xã Tân Hội, , Tỉnh Lâm Đồng",28/12/2025 8:05:00 PM,28/12/2025,08:05:00,PM,Chủ Nhật,Ngoài giờ,Khoa Nhi,Hen [suyễn],Trương Minh Thức
632,NGUYỄN THỊ THU,48,Nữ,"Tổ 34, Xã Đức Trọng, , Tỉnh Lâm Đồng",29/12/2025 4:00:00 AM,29/12/2025,04:00:00,AM,Thứ Hai,Ngoài giờ,Khoa Nội,Sốt xuất huyết Dengue,Trương Minh Thức
633,NGUYỄN ĐỨC GIA KHANG,9,Nam,"Xã Hiệp Thạnh, , Tỉnh Lâm Đồng",29/12/2025 5:25:00 AM,29/12/2025,05:25:00,AM,Thứ Hai,Ngoài giờ,Khoa Ngoại - LCK,Viêm ruột thừa khác,Trương Minh Thức
634,TOÀN THỊ NHUNG,1,Nữ,"Xã Đức Trọng, , Tỉnh Lâm Đồng",01/12/2025 8:30:00 AM,01/12/2025,08:30:00,AM,Thứ Hai,Đúng giờ,Khoa CSSKSS & Phụ Sản,Nhiễm trùng khác,Võ Khánh Dương
635,TRẦN THỊ BÌNH,47,Nữ,"Thôn Đoàn Kết, Xã Tân Hội, , Tỉnh Lâm Đồng",11/12/2025 11:44:00 AM,11/12/2025,11:44:00,AM,Thứ Năm,Ngoài giờ,Khoa CSSKSS & Phụ Sản,Kinh nguyệt nhiều và hay xuất hiện với chu kỳ đều,Võ Khánh Dương
636,LÊ THỊ KIỀU THU,44,Nữ,"Phi Nôm, Xã Hiệp Thạnh, , Tỉnh Lâm Đồng",11/12/2025 5:13:00 PM,11/12/2025,05:13:00,PM,Thứ Năm,Ngoài giờ,Khoa CSSKSS & Phụ Sản,Theo dõi thai bình thường,Võ Khánh Dương
637,KON SƠ K' SA MI,20,Nữ,"Thôn Bờ Lá, Xã Tà Năng, , Tỉnh Lâm Đồng",11/12/2025 7:28:00 PM,11/12/2025,07:28:00,PM,Thứ Năm,Ngoài giờ,Khoa CSSKSS & Phụ Sản,Theo dõi thai bình thường,Võ Khánh Dương
638,LÂM THỊ NHẬT THẢO,21,Nữ,"trung ninh, Xã Tà Hine, , Tỉnh Lâm Đồng",11/12/2025 9:22:00 PM,11/12/2025,09:22:00,PM,Thứ Năm,Ngoài giờ,Khoa CSSKSS & Phụ Sản,Theo dõi thai bình thường,Võ Khánh Dương
639,K' VÂN,18,Nữ,"R Chai 1, Xã Đức Trọng, , Tỉnh Lâm Đồng",11/12/2025 10:03:00 PM,11/12/2025,10:03:00,PM,Thứ Năm,Ngoài giờ,Khoa CSSKSS & Phụ Sản,Theo dõi thai bình thường,Võ Khánh Dương
640,ĐẠO THỊ THOA,28,Nữ,"lương tri, Phường Đô Vinh, , Tỉnh Khánh Hòa",11/12/2025 10:30:00 PM,11/12/2025,10:30:00,PM,Thứ Năm,Ngoài giờ,Khoa CSSKSS & Phụ Sản,Theo dõi thai bình thường,Võ Khánh Dương
641,KA HEM,32,Nữ,"Tà In, Xã Tà Hine, , Tỉnh Lâm Đồng",11/12/2025 11:13:00 PM,11/12/2025,11:13:00,PM,Thứ Năm,Ngoài giờ,Khoa CSSKSS & Phụ Sản,Theo dõi thai bình thường,Võ Khánh Dương
642,TRẦN LÊ THỊ ÁI NGÂN,18,Nữ,"Bình Bắc, Xã Sơn Tịnh, , Tỉnh Quảng Ngãi",12/12/2025 1:16:00 AM,12/12/2025,01:16:00,AM,Thứ Sáu,Ngoài giờ,Khoa CSSKSS & Phụ Sản,Theo dõi thai bình thường,Võ Khánh Dương
643,LÀU NHỌC PHÓNG,31,Nữ,"thôn bồng lai, Xã Hiệp Thạnh, , Tỉnh Lâm Đồng",14/12/2025 8:45:00 AM,14/12/2025,08:45:00,AM,Chủ Nhật,Đúng giờ,Khoa CSSKSS & Phụ Sản,Theo dõi thai bình thường,Võ Khánh Dương
644,KA SĂ K' NGHINH,37,Nữ,"Lạch Tông, Xã Tân Hội, , Tỉnh Lâm Đồng",15/12/2025 12:54:00 AM,15/12/2025,12:54:00,AM,Thứ Hai,Ngoài giờ,Khoa CSSKSS & Phụ Sản,Theo dõi thai bình thường,Võ Khánh Dương
645,KA HUỲN,1,Nam,"81B Nguyễn Đáng. Khóm 6, Phường Nguyệt Hóa, , Tỉnh Vĩnh Long",16/12/2025 8:27:00 AM,16/12/2025,08:27:00,AM,Thứ Ba,Đúng giờ,Khoa CSSKSS & Phụ Sản,"Viêm phổi, không đặc hiệu",Võ Khánh Dương
646,TRẦN THỊ THẮM,23,Nữ,"Trung Ninh, Xã Tà Hine, , Tỉnh Lâm Đồng",18/12/2025 6:08:00 PM,18/12/2025,06:08:00,PM,Thứ Năm,Ngoài giờ,Khoa CSSKSS & Phụ Sản,Theo dõi thai bình thường,Võ Khánh Dương
647,VÕ TRẦN MỸ HOA,33,Nữ,"Trung Hiệp, Xã Hiệp Thạnh, , Tỉnh Lâm Đồng",18/12/2025 7:02:00 PM,18/12/2025,07:02:00,PM,Thứ Năm,Ngoài giờ,Khoa CSSKSS & Phụ Sản,Theo dõi thai bình thường,Võ Khánh Dương
648,PHÙNG THỊ THAO,36,Nữ,"Tân Thịnh, Xã Tân Hội, , Tỉnh Lâm Đồng",19/12/2025 1:01:00 AM,19/12/2025,01:01:00,AM,Thứ Sáu,Ngoài giờ,Khoa CSSKSS & Phụ Sản,Theo dõi thai bình thường,Võ Khánh Dương
649,LÔ THỊ BÌNH,34,Nữ,"Phú Thạnh, Xã Hiệp Thạnh, , Tỉnh Lâm Đồng",22/12/2025 9:02:00 AM,22/12/2025,09:02:00,AM,Thứ Hai,Đúng giờ,Khoa CSSKSS & Phụ Sản,Đau bụng và vùng chậu,Võ Khánh Dương
650,MA NGỌC,28,Nữ,"Thôn Tà Sơn, Xã Tà Năng, , Tỉnh Lâm Đồng",22/12/2025 10:30:00 AM,22/12/2025,10:30:00,AM,Thứ Hai,Đúng giờ,Khoa CSSKSS & Phụ Sản,Theo dõi thai bình thường,Võ Khánh Dương
651,MAI NGUYỄN BẢO TRÂM,30,Nữ,"Phú Thạnh, Xã Hiệp Thạnh, , Tỉnh Lâm Đồng",22/12/2025 8:12:00 AM,22/12/2025,08:12:00,AM,Thứ Hai,Đúng giờ,Khoa CSSKSS & Phụ Sản,Theo dõi thai bình thường,Võ Khánh Dương
652,LƯƠNG THỊ NHUNG,39,Nữ,"Tổ 34 Lê Hồng Phong, Xã Đức Trọng, , Tỉnh Lâm Đồng",22/12/2025 9:21:00 AM,22/12/2025,09:21:00,AM,Thứ Hai,Đúng giờ,Khoa CSSKSS & Phụ Sản,Theo dõi thai có nguy cơ cao,Võ Khánh Dương
653,NGÔ THỊ NHƯ HẰNG,24,Nữ,"Xã Hiệp Thạnh, , Tỉnh Lâm Đồng",23/12/2025 12:44:00 AM,23/12/2025,12:44:00,AM,Thứ Ba,Ngoài giờ,Khoa CSSKSS & Phụ Sản,Theo dõi thai bình thường,Võ Khánh Dương
654,TRẦN THỊ OANH,37,Nữ,"Tân Bình,, Xã Tân Hội, , Tỉnh Lâm Đồng",23/12/2025 4:36:00 PM,23/12/2025,04:36:00,PM,Thứ Ba,Đúng giờ,Khoa CSSKSS & Phụ Sản,Theo dõi thai bình thường,Võ Khánh Dương
655,NGUYỄN THỊ NHƯ QUỲNH,28,Nữ,"Tân Thuận, Xã Tân Hội, , Tỉnh Lâm Đồng",24/12/2025 8:31:00 AM,24/12/2025,08:31:00,AM,Thứ Tư,Đúng giờ,Khoa CSSKSS & Phụ Sản,Theo dõi thai bình thường,Võ Khánh Dương
656,LÊ THỊ NGỌC MỸ,23,Nữ,"Thôn Trung Ninh, Xã Tà Hine, , Tỉnh Lâm Đồng",24/12/2025 4:37:00 PM,24/12/2025,04:37:00,PM,Thứ Tư,Đúng giờ,Khoa CSSKSS & Phụ Sản,Theo dõi thai bình thường,Võ Khánh Dương
657,NGUYỄN LÊ YẾN NHI,25,Nữ,"92, NguyễnTuân, Xã Đức Trọng, , Tỉnh Lâm Đồng",25/12/2025 7:23:00 AM,25/12/2025,07:23:00,AM,Thứ Năm,Đúng giờ,Khoa CSSKSS & Phụ Sản,Theo dõi thai bình thường,Võ Khánh Dương
658,TRẦN HUYỀN TRÚC MY,22,Nữ,"138, Nguyễn Trung Trực., Xã Đức Trọng, , Tỉnh Lâm Đồng",25/12/2025 7:46:00 AM,25/12/2025,07:46:00,AM,Thứ Năm,Đúng giờ,Khoa CSSKSS & Phụ Sản,Theo dõi thai bình thường,Võ Khánh Dương
659,VŨ MAI LINH,19,Nữ,"Thôn Lạc Thạnh, Xã Đơn Dương, , Tỉnh Lâm Đồng",25/12/2025 8:33:00 AM,25/12/2025,08:33:00,AM,Thứ Năm,Đúng giờ,Khoa CSSKSS & Phụ Sản,Theo dõi thai bình thường,Võ Khánh Dương
660,TÔ THỊ NGA,30,Nữ,"Khu phố 5., Phường Trảng Dài, , Tỉnh Đồng Nai",25/12/2025 9:24:00 AM,25/12/2025,09:24:00,AM,Thứ Năm,Đúng giờ,Khoa CSSKSS & Phụ Sản,Theo dõi thai có nguy cơ cao,Võ Khánh Dương
661,PHẠM NGỌC ĐOAN TRANG,21,Nữ,"Thôn Trung Hậu, Xã Tà Hine, , Tỉnh Lâm Đồng",25/12/2025 3:46:00 PM,25/12/2025,03:46:00,PM,Thứ Năm,Đúng giờ,Khoa CSSKSS & Phụ Sản,Theo dõi thai bình thường,Võ Khánh Dương
662,MA SƯƠNG,44,Nữ,"Toa Cát, Xã Tà Năng, , Tỉnh Lâm Đồng",26/12/2025 7:49:00 AM,26/12/2025,07:49:00,AM,Thứ Sáu,Đúng giờ,Khoa CSSKSS & Phụ Sản,Theo dõi thai có nguy cơ cao,Võ Khánh Dương
663,SỲ NGUYỄN NGỌC NGA,34,Nữ,"211 Nguyễn Trãi, Thôn 7, Xã Đức Trọng, , Tỉnh Lâm Đồng",26/12/2025 9:04:00 AM,26/12/2025,09:04:00,AM,Thứ Sáu,Đúng giờ,Khoa CSSKSS & Phụ Sản,Theo dõi thai có nguy cơ cao,Võ Khánh Dương
664,LÊ THỊ NGỌC MỸ,1,Nữ,"Trung ninh, Xã Tà Hine, , Tỉnh Lâm Đồng",26/12/2025 9:28:00 AM,26/12/2025,09:28:00,AM,Thứ Sáu,Đúng giờ,Khoa CSSKSS & Phụ Sản,Vàng da sơ sinh do các nguyên nhân khác và nguyên nhân không được định rõ,Võ Khánh Dương
665,TRẦN LÊ NGỌC ANH,25,Nữ,"Đồng Bàng , Xã Hàm Yên, , Tỉnh Tuyên Quang",28/12/2025 10:59:00 AM,28/12/2025,10:59:00,AM,Chủ Nhật,Đúng giờ,Khoa CSSKSS & Phụ Sản,Theo dõi thai bình thường,Võ Khánh Dương
666,NGUYỄN THỊ ANH THƯ,38,Nữ,"Tân Hiệp, Xã Tân Hội, , Tỉnh Lâm Đồng",28/12/2025 7:21:00 PM,28/12/2025,07:21:00,PM,Chủ Nhật,Ngoài giờ,Khoa CSSKSS & Phụ Sản,Theo dõi thai bình thường,Võ Khánh Dương
667,LIÊNG HÓT K' NHUYẾT,29,Nữ,"Gan Reo, Xã Hiệp Thạnh, , Tỉnh Lâm Đồng",29/12/2025 12:20:00 AM,29/12/2025,12:20:00,AM,Thứ Hai,Đúng giờ,Khoa CSSKSS & Phụ Sản,Theo dõi thai bình thường,Võ Khánh Dương
668,PHẠM NHỮ THÙY LINH,29,Nữ,"thôn Toa Cát, Xã Tà Năng, , Tỉnh Lâm Đồng",02/12/2025 2:41:00 AM,02/12/2025,02:41:00,AM,Thứ Ba,Ngoài giờ,Khoa CSSKSS & Phụ Sản,Theo dõi thai bình thường,Võ Minh Hoàng
669,K' NAI THI,23,Nữ,"Thôn Chi Rông, Xã Đức Trọng, , Tỉnh Lâm Đồng",03/12/2025 8:33:00 AM,03/12/2025,08:33:00,AM,Thứ Tư,Đúng giờ,Khoa CSSKSS & Phụ Sản,Theo dõi thai bình thường,Võ Minh Hoàng
670,NGUYỄN THỊ HẰNG NGA,33,Nữ,"Thôn Hùng Hưng, Xã Tà Hine, , Tỉnh Lâm Đồng",03/12/2025 8:48:00 AM,03/12/2025,08:48:00,AM,Thứ Tư,Đúng giờ,Khoa CSSKSS & Phụ Sản,Theo dõi thai bình thường,Võ Minh Hoàng
671,MAI THỊ HOÀI THƯƠNG,22,Nữ,"An Bình, Xã Hiệp Thạnh, , Tỉnh Lâm Đồng",03/12/2025 10:15:00 AM,03/12/2025,10:15:00,AM,Thứ Tư,Đúng giờ,Khoa CSSKSS & Phụ Sản,Theo dõi thai bình thường,Võ Minh Hoàng
672,K' THỊ,38,Nữ,"Thôn Phi Nôm, Xã Hiệp Thạnh, , Tỉnh Lâm Đồng",05/12/2025 7:48:00 AM,05/12/2025,07:48:00,AM,Thứ Sáu,Đúng giờ,Khoa CSSKSS & Phụ Sản,Theo dõi thai có nguy cơ cao,Võ Minh Hoàng
673,DOÃN THỊ THU DIỄM,23,Nữ,"Thôn 28 , Xã Đức Trọng, , Tỉnh Lâm Đồng",05/12/2025 8:59:00 AM,05/12/2025,08:59:00,AM,Thứ Sáu,Đúng giờ,Khoa CSSKSS & Phụ Sản,Theo dõi thai bình thường,Võ Minh Hoàng
674,LÊ THỊ NGỌC HÂN,20,Nữ,"Cà Đú, Phường Bảo An, , Tỉnh Khánh Hòa",05/12/2025 10:09:00 AM,05/12/2025,10:09:00,AM,Thứ Sáu,Đúng giờ,Khoa CSSKSS & Phụ Sản,Theo dõi thai bình thường,Võ Minh Hoàng
675,MA CHIẾN,32,Nữ,"Ma Bó, Xã Tà Năng, , Tỉnh Lâm Đồng",05/12/2025 10:30:00 AM,05/12/2025,10:30:00,AM,Thứ Sáu,Đúng giờ,Khoa CSSKSS & Phụ Sản,Theo dõi thai bình thường,Võ Minh Hoàng
676,LIÊNG HÓT K' NGHIÊM,23,Nữ,"Xã Đức Trọng, , Tỉnh Lâm Đồng",05/12/2025 10:45:00 AM,05/12/2025,10:45:00,AM,Thứ Sáu,Đúng giờ,Khoa CSSKSS & Phụ Sản,Theo dõi thai bình thường,Võ Minh Hoàng
677,NGUYỄN THỊ QUỲNH LAM,30,Nữ,"29/7, An Ninh, Xã Hiệp Thạnh, , Tỉnh Lâm Đồng",05/12/2025 1:08:00 PM,05/12/2025,01:08:00,PM,Thứ Sáu,Ngoài giờ,Khoa CSSKSS & Phụ Sản,Theo dõi thai có nguy cơ cao,Võ Minh Hoàng
678,KA KRIM,36,Nữ,"Đa Hoa, Xã Đơn Dương, , Tỉnh Lâm Đồng",05/12/2025 2:03:00 PM,05/12/2025,02:03:00,PM,Thứ Sáu,Đúng giờ,Khoa CSSKSS & Phụ Sản,Theo dõi thai bình thường,Võ Minh Hoàng
679,NGUYỄN PHẠM THANH THÚY,23,Nữ,"Thôn Đồng Lạc 3, Xã Bảo Thuận, , Tỉnh Lâm Đồng",05/12/2025 9:22:00 PM,05/12/2025,09:22:00,PM,Thứ Sáu,Ngoài giờ,Khoa CSSKSS & Phụ Sản,Theo dõi thai bình thường,Võ Minh Hoàng
680,NGUYỄN THỊ XUÂN,25,Nữ,"Số Nhà 261, Thôn Thanh Bình 3, Xã Đinh Văn Lâm Hà, , Tỉnh Lâm Đồng",06/12/2025 6:46:00 AM,06/12/2025,06:46:00,AM,Thứ Bảy,Ngoài giờ,Khoa CSSKSS & Phụ Sản,Theo dõi thai có nguy cơ cao,Võ Minh Hoàng
681,KA DOM,38,Nữ,"Đăng SRôn, Xã Ninh Gia, , Tỉnh Lâm Đồng",07/12/2025 7:19:00 AM,07/12/2025,07:19:00,AM,Chủ Nhật,Đúng giờ,Khoa CSSKSS & Phụ Sản,Theo dõi thai bình thường,Võ Minh Hoàng
682,MA NHỤY,28,Nữ,"Thôn Kambutte, Xã Đơn Dương, , Tỉnh Lâm Đồng",07/12/2025 10:12:00 AM,07/12/2025,10:12:00,AM,Chủ Nhật,Đúng giờ,Khoa CSSKSS & Phụ Sản,Theo dõi thai bình thường,Võ Minh Hoàng
683,KLONG K' JONG,27,Nữ,"Thôn Yang Ly, Xã Tân Hội, , Tỉnh Lâm Đồng",08/12/2025 1:01:00 AM,08/12/2025,01:01:00,AM,Thứ Hai,Ngoài giờ,Khoa CSSKSS & Phụ Sản,Đẻ thường một thai,Võ Minh Hoàng
684,K' NGA,38,Nữ,"R Chai 2, Xã Đức Trọng, , Tỉnh Lâm Đồng",08/12/2025 4:44:00 AM,08/12/2025,04:44:00,AM,Thứ Hai,Ngoài giờ,Khoa CSSKSS & Phụ Sản,Theo dõi thai bình thường,Võ Minh Hoàng
685,LÊ THỊ ANH ĐÀO,27,Nữ,"Số 15, Thôn Tân Đà, Xã Tân Hội, , Tỉnh Lâm Đồng",09/12/2025 7:37:00 AM,09/12/2025,07:37:00,AM,Thứ Ba,Đúng giờ,Khoa CSSKSS & Phụ Sản,Theo dõi thai bình thường,Võ Minh Hoàng
686,LÊ THỊ HƯỜNG,37,Nữ,"Bằng Lăng , Xã Đam Rông 2, , Tỉnh Lâm Đồng",09/12/2025 7:59:00 AM,09/12/2025,07:59:00,AM,Thứ Ba,Đúng giờ,Khoa CSSKSS & Phụ Sản,Theo dõi thai có nguy cơ cao,Võ Minh Hoàng
687,LÊ THỊ HỒNG TÂM,30,Nữ,"Tổ 59 -  Ấp Phước Chí , Xã Châu Đức, , Thành phố Hồ Chí Minh",09/12/2025 8:22:00 AM,09/12/2025,08:22:00,AM,Thứ Ba,Đúng giờ,Khoa CSSKSS & Phụ Sản,Theo dõi thai bình thường,Võ Minh Hoàng
688,LÊ THỊ HỒNG LOAN,37,Nữ,"Thôn Đăng Srôn, Xã Ninh Gia, , Tỉnh Lâm Đồng",09/12/2025 8:49:00 AM,09/12/2025,08:49:00,AM,Thứ Ba,Đúng giờ,Khoa CSSKSS & Phụ Sản,Theo dõi thai có nguy cơ cao,Võ Minh Hoàng
689,ĐÀM THỊ MIỀN,35,Nữ,"Thôn 34 , Xã Đức Trọng, , Tỉnh Lâm Đồng",09/12/2025 9:13:00 AM,09/12/2025,09:13:00,AM,Thứ Ba,Đúng giờ,Khoa CSSKSS & Phụ Sản,Theo dõi thai bình thường,Võ Minh Hoàng
690,MA LI,30,Nữ,"Tou neh, Xã Tà Năng, , Tỉnh Lâm Đồng",09/12/2025 9:35:00 AM,09/12/2025,09:35:00,AM,Thứ Ba,Đúng giờ,Khoa CSSKSS & Phụ Sản,Theo dõi thai bình thường,Võ Minh Hoàng
691,LÊ THỊ DUNG,27,Nữ,"Tổ 03, Thôn Phi Nôm, Xã Hiệp Thạnh, , Tỉnh Lâm Đồng",09/12/2025 9:59:00 AM,09/12/2025,09:59:00,AM,Thứ Ba,Đúng giờ,Khoa CSSKSS & Phụ Sản,Theo dõi thai bình thường,Võ Minh Hoàng
692,VÕ THỊ THU NGUYỆT,32,Nữ,"Tân Hiệp, Xã Tân Hội, , Tỉnh Lâm Đồng",09/12/2025 11:30:00 AM,09/12/2025,11:30:00,AM,Thứ Ba,Ngoài giờ,Khoa CSSKSS & Phụ Sản,Theo dõi thai có nguy cơ cao,Võ Minh Hoàng
693,KA LAN,27,Nữ,"Phú Ao, Xã Tà Hine, , Tỉnh Lâm Đồng",10/12/2025 7:34:00 AM,10/12/2025,07:34:00,AM,Thứ Tư,Đúng giờ,Khoa CSSKSS & Phụ Sản,Theo dõi thai bình thường,Võ Minh Hoàng
694,TRẦN THỊ THANH NHÃ,28,Nữ,"Thôn Nghĩa Hiệp 1 , Xã Ka Đô, , Tỉnh Lâm Đồng",10/12/2025 7:50:00 AM,10/12/2025,07:50:00,AM,Thứ Tư,Đúng giờ,Khoa CSSKSS & Phụ Sản,Theo dõi thai có nguy cơ cao,Võ Minh Hoàng
695,CHU THỊ THÂN,34,Nữ,"Thôn 12, Xã Phú Xuân, , Tỉnh Đắk Lắk",10/12/2025 8:07:00 AM,10/12/2025,08:07:00,AM,Thứ Tư,Đúng giờ,Khoa CSSKSS & Phụ Sản,Theo dõi thai có nguy cơ cao,Võ Minh Hoàng
696,MA THÁI,32,Nữ,"Đa Hoa, Xã Đơn Dương, , Tỉnh Lâm Đồng",12/12/2025 1:57:00 PM,12/12/2025,01:57:00,PM,Thứ Sáu,Đúng giờ,Khoa CSSKSS & Phụ Sản,Đẻ thường một thai,Võ Minh Hoàng
697,KA DIỄU,22,Nữ,"Thiện Chí, Xã Ninh Gia, , Tỉnh Lâm Đồng",12/12/2025 11:40:00 PM,12/12/2025,11:40:00,PM,Thứ Sáu,Ngoài giờ,Khoa CSSKSS & Phụ Sản,Theo dõi thai bình thường,Võ Minh Hoàng
698,KA HUỲN,21,Nữ,"81B,Nguyễn Đáng, Khóm 6, Phường Nguyệt Hóa, , Tỉnh Vĩnh Long",15/12/2025 8:04:00 PM,15/12/2025,08:04:00,PM,Thứ Hai,Ngoài giờ,Khoa CSSKSS & Phụ Sản,Theo dõi thai có nguy cơ cao,Võ Minh Hoàng
699,CIL K' NGỢI,29,Nữ,"Thôn R Chai 1 , Xã Đức Trọng, , Tỉnh Lâm Đồng",15/12/2025 9:49:00 PM,15/12/2025,09:49:00,PM,Thứ Hai,Ngoài giờ,Khoa CSSKSS & Phụ Sản,Theo dõi thai bình thường,Võ Minh Hoàng
700,NGUYỄN THỊ HỒNG NHUNG,29,Nữ,"Phi Nôm, Xã Hiệp Thạnh, , Tỉnh Lâm Đồng",16/12/2025 6:08:00 AM,16/12/2025,06:08:00,AM,Thứ Ba,Ngoài giờ,Khoa CSSKSS & Phụ Sản,Băng huyết [Chảy máu muộn và thứ phát sau đẻ],Võ Minh Hoàng
701,HMAR VAI MA CHU,35,Nữ,"Phú Cao, Xã Tà Hine, , Tỉnh Lâm Đồng",17/12/2025 8:46:00 AM,17/12/2025,08:46:00,AM,Thứ Tư,Đúng giờ,Khoa CSSKSS & Phụ Sản,Sẩy thai tự nhiên,Võ Minh Hoàng
702,KA HỮU,32,Nữ,"thôn 5, Xã Di Linh, , Tỉnh Lâm Đồng",17/12/2025 8:05:00 AM,17/12/2025,08:05:00,AM,Thứ Tư,Đúng giờ,Khoa CSSKSS & Phụ Sản,Theo dõi thai bình thường,Võ Minh Hoàng
703,LIÊNG HÓT HA CÔ,28,Nữ,"Thôn R' Chai 2, Xã Đức Trọng, , Tỉnh Lâm Đồng",17/12/2025 8:25:00 AM,17/12/2025,08:25:00,AM,Thứ Tư,Đúng giờ,Khoa CSSKSS & Phụ Sản,Theo dõi thai bình thường,Võ Minh Hoàng
704,BÙI THỊ HỒNG QUYN,32,Nữ,"Thôn 14, Xã Đức Trọng, , Tỉnh Lâm Đồng",17/12/2025 9:29:00 AM,17/12/2025,09:29:00,AM,Thứ Tư,Đúng giờ,Khoa CSSKSS & Phụ Sản,Theo dõi thai bình thường,Võ Minh Hoàng
705,K LONG K' BONG,35,Nữ,"Thôn Lạch Tông, Xã Tân Hội, , Tỉnh Lâm Đồng",17/12/2025 11:50:00 AM,17/12/2025,11:50:00,AM,Thứ Tư,Ngoài giờ,Khoa CSSKSS & Phụ Sản,Theo dõi thai bình thường,Võ Minh Hoàng
706,KON SA KA HÔN,31,Nữ,"Đa Hoa, Xã Đơn Dương, , Tỉnh Lâm Đồng",17/12/2025 8:52:00 PM,17/12/2025,08:52:00,PM,Thứ Tư,Ngoài giờ,Khoa CSSKSS & Phụ Sản,Theo dõi thai bình thường,Võ Minh Hoàng
707,GIÀNG THỊ SAI,20,Nữ,"Púng Ngùa, Xã Mường La, , Tỉnh Sơn La",18/12/2025 2:20:00 AM,18/12/2025,02:20:00,AM,Thứ Năm,Ngoài giờ,Khoa CSSKSS & Phụ Sản,Theo dõi thai bình thường,Võ Minh Hoàng
708,NGUYỄN THỊ THÚY NGỌC,36,Nữ,"An Hiệp, Xã Hiệp Thạnh, , Tỉnh Lâm Đồng",23/12/2025 11:39:00 AM,23/12/2025,11:39:00,AM,Thứ Ba,Ngoài giờ,Khoa CSSKSS & Phụ Sản,Theo dõi thai bình thường,Võ Minh Hoàng
709,K' HIẾU,24,Nữ,"S Rê Đăng, Xã Tân Hội, , Tỉnh Lâm Đồng",23/12/2025 12:06:00 PM,23/12/2025,12:06:00,PM,Thứ Ba,Ngoài giờ,Khoa CSSKSS & Phụ Sản,Theo dõi thai bình thường,Võ Minh Hoàng
710,PHẠM THỊ NGỌC LINH,27,Nữ,"Tân Phú, Xã Tân Hội, , Tỉnh Lâm Đồng",23/12/2025 9:52:00 PM,23/12/2025,09:52:00,PM,Thứ Ba,Ngoài giờ,Khoa CSSKSS & Phụ Sản,"Sẩy thai tự nhiên (Không hoàn toàn, gây biến chứng ra máu nhiều hay kéo dài)",Võ Minh Hoàng
711,MA VĂN,19,Nữ,"Ma Am, Xã Tà Hine, , Tỉnh Lâm Đồng",24/12/2025 5:57:00 AM,24/12/2025,05:57:00,AM,Thứ Tư,Ngoài giờ,Khoa CSSKSS & Phụ Sản,Theo dõi thai bình thường,Võ Minh Hoàng
712,TRẦN THẢO UYÊN,23,Nữ,"R Chai 2, Xã Đức Trọng, , Tỉnh Lâm Đồng",25/12/2025 7:51:00 AM,25/12/2025,07:51:00,AM,Thứ Năm,Đúng giờ,Khoa CSSKSS & Phụ Sản,Theo dõi thai bình thường,Võ Minh Hoàng
713,LÊ THỊ YẾN NHI,15,Nữ,"An Xuân 1, Xã Xuân Hải, , Tỉnh Khánh Hòa",25/12/2025 1:40:00 PM,25/12/2025,01:40:00,PM,Thứ Năm,Đúng giờ,Khoa CSSKSS & Phụ Sản,Theo dõi thai bình thường,Võ Minh Hoàng
714,LÊ THỊ HIỀN,29,Nữ,"Xã Bến Cầu, , Tỉnh Tây Ninh",26/12/2025 4:08:00 AM,26/12/2025,04:08:00,AM,Thứ Sáu,Ngoài giờ,Khoa CSSKSS & Phụ Sản,Theo dõi thai bình thường,Võ Minh Hoàng
715,VŨ THỊ HỒNG TRANG,29,Nữ,"Quảng Hiệp , Xã Hiệp Thạnh, , Tỉnh Lâm Đồng",26/12/2025 6:05:00 AM,26/12/2025,06:05:00,AM,Thứ Sáu,Ngoài giờ,Khoa CSSKSS & Phụ Sản,Theo dõi thai bình thường,Võ Minh Hoàng
716,NGUYỄN THỊ HƯƠNG,33,Nữ,"Thôn Vạn Phước, Phường Phan Rang, , Tỉnh Khánh Hòa",26/12/2025 6:15:00 AM,26/12/2025,06:15:00,AM,Thứ Sáu,Ngoài giờ,Khoa CSSKSS & Phụ Sản,Theo dõi thai bình thường,Võ Minh Hoàng
717,RA NAI KA KIM,37,Nữ,"K long, Xã Hiệp Thạnh, , Tỉnh Lâm Đồng",27/12/2025 9:47:00 AM,27/12/2025,09:47:00,AM,Thứ Bảy,Đúng giờ,Khoa CSSKSS & Phụ Sản,Theo dõi thai bình thường,Võ Minh Hoàng
718,K' GIẤY,20,Nữ,"đarahoa, Xã Hiệp Thạnh, , Tỉnh Lâm Đồng",27/12/2025 9:31:00 PM,27/12/2025,09:31:00,PM,Thứ Bảy,Ngoài giờ,Khoa CSSKSS & Phụ Sản,Theo dõi thai bình thường,Võ Minh Hoàng
719,TRẦN THỊ MỘNG HIỀN,35,Nữ,"Thanh Bình 2, Xã Đinh Văn Lâm Hà, , Tỉnh Lâm Đồng",28/12/2025 4:27:00 AM,28/12/2025,04:27:00,AM,Chủ Nhật,Ngoài giờ,Khoa CSSKSS & Phụ Sản,Theo dõi thai bình thường,Võ Minh Hoàng
720,VŨ MAI LINH,1,Nữ,"Lạc Thạnh, Xã Đơn Dương, , Tỉnh Lâm Đồng",30/12/2025 9:28:00 AM,30/12/2025,09:28:00,AM,Thứ Ba,Đúng giờ,Khoa CSSKSS & Phụ Sản,"Viêm phổi, tác nhân không xác định",Võ Minh Hoàng
721,NGUYỄN NGỌC TRANG,31,Nữ,"Thôn 5, Xã Gia Hiệp, , Tỉnh Lâm Đồng",30/12/2025 10:18:00 AM,30/12/2025,10:18:00,AM,Thứ Ba,Đúng giờ,Khoa CSSKSS & Phụ Sản,,Võ Minh Hoàng
722,DƯƠNG THỊ DIỆU,29,Nữ,"Thôn Pré, Xã Đức Trọng, , Tỉnh Lâm Đồng",30/12/2025 3:51:00 PM,30/12/2025,03:51:00,PM,Thứ Ba,Đúng giờ,Khoa CSSKSS & Phụ Sản,Theo dõi thai bình thường,Võ Minh Hoàng
723,NGUYỄN THỊ ANH THƯ,1,Nữ,"Xã Tân Hội, , Tỉnh Lâm Đồng",30/12/2025 3:55:00 PM,30/12/2025,03:55:00,PM,Thứ Ba,Đúng giờ,Khoa CSSKSS & Phụ Sản,Bệnh đám rối thần kinh cánh tay,Võ Minh Hoàng
724,MY KA,30,Nữ,"Thôn Đa Hoa, Xã Đơn Dương, , Tỉnh Lâm Đồng",31/12/2025 5:45:00 PM,31/12/2025,05:45:00,PM,Thứ Tư,Ngoài giờ,Khoa CSSKSS & Phụ Sản,Theo dõi thai bình thường,Võ Minh Hoàng
725,TRẦN NGỌC MỸ LINH,18,Nữ,"Định An, Xã Hiệp Thạnh, , Tỉnh Lâm Đồng",31/12/2025 6:12:00 PM,31/12/2025,06:12:00,PM,Thứ Tư,Ngoài giờ,Khoa CSSKSS & Phụ Sản,Theo dõi thai bình thường,Võ Minh Hoàng
726,KON SƠ K' NGAN,28,Nữ,"Thôn Đạ K'nàng, Xã Đam Rông 1, , Tỉnh Lâm Đồng",02/12/2025 2:46:00 PM,02/12/2025,02:46:00,PM,Thứ Ba,Đúng giờ,Khoa CSSKSS & Phụ Sản,Theo dõi thai có nguy cơ cao,Vũ Huỳnh Thanh Thảo
727,ĐINH THỊ QUỲNH NHƯ,21,Nữ,"Tổ 11, Xã Phú Lâm, , Tỉnh Đồng Nai",03/12/2025 8:02:00 PM,03/12/2025,08:02:00,PM,Thứ Tư,Ngoài giờ,Khoa CSSKSS & Phụ Sản,Theo dõi thai bình thường,Vũ Huỳnh Thanh Thảo
728,CIL K' BÍ,27,Nữ,"Xã Hiệp Thạnh, , Tỉnh Lâm Đồng",06/12/2025 9:14:00 AM,06/12/2025,09:14:00,AM,Thứ Bảy,Đúng giờ,Khoa CSSKSS & Phụ Sản,Theo dõi thai có nguy cơ cao,Vũ Huỳnh Thanh Thảo
729,LIÊNG HÓT K' LIÊN,22,Nữ,"K' nai, Xã Đức Trọng, , Tỉnh Lâm Đồng",06/12/2025 8:39:00 PM,06/12/2025,08:39:00,PM,Thứ Bảy,Ngoài giờ,Khoa CSSKSS & Phụ Sản,Theo dõi thai bình thường,Vũ Huỳnh Thanh Thảo
730,NGUYỄN THỊ HẰNG,32,Nữ,"Thôn Pré, Xã Đức Trọng, , Tỉnh Lâm Đồng",06/12/2025 9:05:00 PM,06/12/2025,09:05:00,PM,Thứ Bảy,Ngoài giờ,Khoa CSSKSS & Phụ Sản,Theo dõi thai bình thường,Vũ Huỳnh Thanh Thảo
731,ĐỖ KIM BÌNH,25,Nữ,"Thôn Tân Hưng, Xã Tân Hội, , Tỉnh Lâm Đồng",07/12/2025 4:57:00 AM,07/12/2025,04:57:00,AM,Chủ Nhật,Ngoài giờ,Khoa CSSKSS & Phụ Sản,Theo dõi thai có nguy cơ cao,Vũ Huỳnh Thanh Thảo
732,TRẦN THỊ THANH THUÝ,22,Nữ,"Xã Hiệp Thạnh, , Tỉnh Lâm Đồng",08/12/2025 10:06:00 AM,08/12/2025,10:06:00,AM,Thứ Hai,Đúng giờ,Khoa CSSKSS & Phụ Sản,Đẻ thường một thai,Vũ Huỳnh Thanh Thảo
733,TRẦN SƠN GIANG,31,Nữ,"phi nôm , Xã Hiệp Thạnh, , Tỉnh Lâm Đồng",15/12/2025 3:55:00 AM,15/12/2025,03:55:00,AM,Thứ Hai,Ngoài giờ,Khoa CSSKSS & Phụ Sản,Theo dõi thai bình thường,Vũ Huỳnh Thanh Thảo
734,A DẮT MI NI,15,Nữ,"Bia ray, Xã Tân Hội, , Tỉnh Lâm Đồng",20/12/2025 9:48:00 AM,20/12/2025,09:48:00,AM,Thứ Bảy,Đúng giờ,Khoa CSSKSS & Phụ Sản,Theo dõi thai bình thường,Vũ Huỳnh Thanh Thảo
735,ONG THỊ THU HIỀN,29,Nữ,"Thôn 10 , Xã Đức Trọng, , Tỉnh Lâm Đồng",20/12/2025 10:38:00 AM,20/12/2025,10:38:00,AM,Thứ Bảy,Đúng giờ,Khoa CSSKSS & Phụ Sản,Theo dõi thai bình thường,Vũ Huỳnh Thanh Thảo
736,MA HIẾM,29,Nữ,"Ma Bó, Xã Tà Năng, , Tỉnh Lâm Đồng",20/12/2025 3:04:00 PM,20/12/2025,03:04:00,PM,Thứ Bảy,Đúng giờ,Khoa CSSKSS & Phụ Sản,Theo dõi thai có nguy cơ cao,Vũ Huỳnh Thanh Thảo
,MA YÊU,34,Nữ,"Đoàn Kết, Xã Tà Năng, , Tỉnh Lâm Đồng",21/12/2025 6:52:00 AM,21/12/2025,06:52:00,AM,Chủ Nhật,Ngoài giờ,Khoa CSSKSS & Phụ Sản,Theo dõi thai bình thường,Vũ Huỳnh Thanh Thảo
,K' HÉP,37,Nữ,"Tân Đà, Xã Tân Hội, , Tỉnh Lâm Đồng",23/12/2025 10:20:00 AM,23/12/2025,10:20:00,AM,Thứ Ba,Đúng giờ,Khoa CSSKSS & Phụ Sản,Theo dõi thai bình thường,Vũ Huỳnh Thanh Thảo
,KA TRANG,23,Nữ,"Đăng Srôn , Xã Ninh Gia, , Tỉnh Lâm Đồng",25/12/2025 3:15:00 AM,25/12/2025,03:15:00,AM,Thứ Năm,Ngoài giờ,Khoa CSSKSS & Phụ Sản,Theo dõi thai bình thường,Vũ Huỳnh Thanh Thảo
,BON NƠR TRÂN,21,Nữ,"K rèn, Xã Hiệp Thạnh, , Tỉnh Lâm Đồng",25/12/2025 5:28:00 AM,25/12/2025,05:28:00,AM,Thứ Năm,Ngoài giờ,Khoa CSSKSS & Phụ Sản,Đẻ thường một thai,Vũ Huỳnh Thanh Thảo
,NGUYỄN THỊ NHƯ NGỌC,36,Nữ,"Tổ 17, Xã Đức Trọng, , Tỉnh Lâm Đồng",26/12/2025 10:06:00 PM,26/12/2025,10:06:00,PM,Thứ Sáu,Ngoài giờ,Khoa CSSKSS & Phụ Sản,Theo dõi thai bình thường,Vũ Huỳnh Thanh Thảo
,K' NGOAN,19,Nữ,"Xã Đức Trọng, , Tỉnh Lâm Đồng",26/12/2025 9:52:00 PM,26/12/2025,09:52:00,PM,Thứ Sáu,Ngoài giờ,Khoa CSSKSS & Phụ Sản,Theo dõi thai bình thường,Vũ Huỳnh Thanh Thảo
,K' LƯƠNG,23,Nữ,"R Chai 2, Xã Đức Trọng, , Tỉnh Lâm Đồng",27/12/2025 3:15:00 AM,27/12/2025,03:15:00,AM,Thứ Bảy,Ngoài giờ,Khoa CSSKSS & Phụ Sản,Theo dõi thai bình thường,Vũ Huỳnh Thanh Thảo
,NGUYỄN THỊ THU HIỀN,33,Nữ,"Xóm 01, Thôn Tân An, Xã Tân Hội, , Tỉnh Lâm Đồng",29/12/2025 8:54:00 AM,29/12/2025,08:54:00,AM,Thứ Hai,Đúng giờ,Khoa CSSKSS & Phụ Sản,Sót rau không có chảy máu,Vũ Huỳnh Thanh Thảo
,K' THU,21,Nữ,"Đa ra hoa, Xã Hiệp Thạnh, , Tỉnh Lâm Đồng",29/12/2025 1:56:00 PM,29/12/2025,01:56:00,PM,Thứ Hai,Đúng giờ,Khoa CSSKSS & Phụ Sản,Theo dõi thai bình thường,Vũ Huỳnh Thanh Thảo
,KLONG K' RAO,22,Nữ,"R' Chai 1, Xã Đức Trọng, , Tỉnh Lâm Đồng",30/12/2025 7:44:00 AM,30/12/2025,07:44:00,AM,Thứ Ba,Đúng giờ,Khoa CSSKSS & Phụ Sản,Theo dõi thai bình thường,Vũ Huỳnh Thanh Thảo
,MA BIK PHƯƠNG,26,Nữ,"Thôn Phú Ao, Xã Tà Hine, , Tỉnh Lâm Đồng",30/12/2025 8:47:00 AM,30/12/2025,08:47:00,AM,Thứ Ba,Đúng giờ,Khoa CSSKSS & Phụ Sản,Theo dõi thai có nguy cơ cao,Vũ Huỳnh Thanh Thảo
,KA NIS,22,Nữ,"Đăng srôn , Xã Ninh Gia, , Tỉnh Lâm Đồng",30/12/2025 11:13:00 AM,30/12/2025,11:13:00,AM,Thứ Ba,Đúng giờ,Khoa CSSKSS & Phụ Sản,Theo dõi thai bình thường,Vũ Huỳnh Thanh Thảo
,NGUYỄN THỊ XUÂN PHƯỢNG,28,Nữ,"Xã Tà Năng, , Tỉnh Lâm Đồng",30/12/2025 10:36:00 PM,30/12/2025,10:36:00,PM,Thứ Ba,Ngoài giờ,Khoa CSSKSS & Phụ Sản,Sẩy thai tự nhiên,Vũ Huỳnh Thanh Thảo